ID,Language_ID,Parameter_ID,Form,Segments,Comment,Source
0,0,,†Aai,,,
1,0,,aba,,,
2,0,,abba,,,
3,0,,Abeileni,,,
4,0,,Abia*,,,
5,0,,Abiaþar,,,
6,0,,Abraham,,,
7,0,,bi-abrjan,,,
8,0,,abrs,,,
9,0,,abraba,,,
10,0,,abu,,,
11,0,,Adam,,,
12,0,,Addei*,,,
13,0,,Addin,,,
14,0,,Adoneikam*,,,
15,0,,af,,,
16,0,,afar,,,
17,0,,[afara],,,
18,0,,afardags,,,
19,0,,afarsabbate,,,
20,0,,afdauiþs*,,,
21,0,,afdomeins,,,
22,0,,afdrugkja,,,
23,0,,afetja,,,
24,0,,afgrundiþa,,,
25,0,,afgudei,,,
26,0,,afguþs*,,,
27,0,,afhaimeis*,,,
28,0,,aflageins,,,
29,0,,aflet*,,,
30,0,,afmarzeins,,,
31,0,,afmauiþs*,,,
32,0,,afsateins,,,
33,0,,afstass,,,
34,0,,afta,,,
35,0,,aftana,,,
36,0,,aftaro,,,
37,0,,aftra,,,
38,0,,aftraanastodeins,,,
39,0,,aftuma,,,
40,0,,aftumists,,,
41,0,,-agan,,,
42,0,,Agar,,,
43,0,,aggilus,,,
44,0,,aggwiþa,,,
45,0,,ga-aggwjan,,,
46,0,,aggwus,,,
47,0,,agis,,,
48,0,,af-agjan,,,
49,0,,in-agjan,,,
50,0,,us-agjan,,,
51,0,,aglaitei,,,
52,0,,aglaitgastalds,,,
53,0,,aglaiti*,,,
54,0,,aglaitiwaurdei,,,
55,0,,agliþa,,,
56,0,,us-agljan,,,
57,0,,aglo,,,
58,0,,agls,,,
59,0,,aglus,,,
60,0,,agluba,,,
61,0,,Agustus,,,
62,0,,aha,,,
63,0,,ahaks,,,
64,0,,ahana,,,
65,0,,Aharon,,,
66,0,,ahjan,,,
67,0,,ahma,,,
68,0,,ahmateins,,,
69,0,,ahmeins,,,
70,0,,ahs,,,
71,0,,ahtau,,,
72,0,,ahtaudogs,,,
73,0,,ahtautehund,,,
74,0,,ahtuda,,,
75,0,,aƕa,,,
76,0,,[Aia],,,
77,0,,Aibair,,,
78,0,,†aibr,,,
79,0,,Aiddua,,,
80,0,,Aieira,,,
81,0,,Aifaisius*,,,
82,0,,Aifaiso*,,,
83,0,,aiffaþa,,,
84,0,,aigan*,,,
85,0,,fair-aihan,,,
86,0,,aigin,,,
87,0,,ga-aiginon,,,
88,0,,aihtron,,,
89,0,,aihtrons,,,
90,0,,aihts,,,
91,0,,aiƕatundi,,,
92,0,,af-aikan,,,
93,0,,aikklesjo,,,
94,0,,Ailam,,,
95,0,,Aileiaizair,,,
96,0,,Aileiakeim,,,
97,0,,Aileisabaiþ,,,
98,0,,ailoe,,,
99,0,,[Ailul],,,
100,0,,Aimmeira*,,,
101,0,,ainabaur,,,
102,0,,ainaha,,,
103,0,,ainakls,,,
104,0,,ainamundiþa,,,
105,0,,[ga-ainan],,,
106,0,,ainfalþei,,,
107,0,,ainfalþs,,,
108,0,,ainfalþaba,,,
109,0,,ainƕarjizuh,,,
110,0,,ainƕaþaruh*,,,
111,0,,ainlif*,,,
112,0,,Ainnaa,,,
113,0,,Ainok,,,
114,0,,Ainos,,,
115,0,,ains,,,
116,0,,ainshun,,,
117,0,,Aiodia,,,
118,0,,Aipafras,,,
119,0,,Aipafraudeitus,,,
120,0,,aipiskaupei*,,,
121,0,,aipiskaupus,,,
122,0,,aipistaule,,,
123,0,,áir,,,
124,0,,airis,,,
125,0,,Airastus,,,
126,0,,airinon,,,
127,0,,áirizans,,,
128,0,,[airkns],,,
129,0,,airkniþa,,,
130,0,,Airmodam,,,
131,0,,Airmogaineis,,,
132,0,,airþa,,,
133,0,,airþakunds,,,
134,0,,airþeins,,,
135,0,,airus,,,
136,0,,airzei,,,
137,0,,airzeis*,,,
138,0,,airziþa,,,
139,0,,airzjan,,,
140,0,,af-airzjan,,,
141,0,,aistan,,,
142,0,,ga-aistan,,,
143,0,,aiþei,,,
144,0,,aiþs,,,
145,0,,aiþþau,,,
146,0,,aiwaggeli,,,
147,0,,aiwaggelista,,,
148,0,,aiwaggeljan,,,
149,0,,aiwaggeljo,,,
150,0,,aiweins,,,
151,0,,aiwiski,,,
152,0,,aiwiskon,,,
153,0,,ga-aiwiskon,,,
154,0,,us-aiwjan,,,
155,0,,aiwlaugia,,,
156,0,,Aiwneikai,,,
157,0,,aiws,,,
158,0,,Aiwwa,,,
159,0,,aiwxaristia,,,
160,0,,aiz,,,
161,0,,Aizaikeia,,,
162,0,,aizasmiþa,,,
163,0,,Aizleim,,,
164,0,,Aizor,,,
165,0,,ajukdūþs*,,,
166,0,,ak,,,
167,0,,Akaja,,,
168,0,,Akajus*,,,
169,0,,Akaïkus,,,
170,0,,akei,,,
171,0,,aket*,,,
172,0,,akran,,,
173,0,,akranalaus,,,
174,0,,akrs,,,
175,0,,Akwla,,,
176,0,,alabalstraun,,,
177,0,,alabrunsts,,,
178,0,,Alaiksandrus,,,
179,0,,alakjo,,,
180,0,,alamans*,,,
181,0,,alamannans*,,,
182,0,,Alamod,,,
183,0,,alan,,,
184,0,,alaþarba,,,
185,0,,aldomin,,,
186,0,,alds,,,
187,0,,aleina,,,
188,0,,alew*,,,
189,0,,alewabagms,,,
190,0,,alewja,,,
191,0,,Alfaius,,,
192,0,,alhs,,,
193,0,,alja,,,
194,0,,aljakuns,,,
195,0,,aljaleiko,,,
196,0,,aljaleikos,,,
197,0,,[aljaleikoþs],,,
198,0,,aljan,,,
199,0,,aljan,,,
200,0,,aljanon,,,
201,0,,in-aljanon,,,
202,0,,aljar,,,
203,0,,aljaþ,,,
204,0,,aljaþro,,,
205,0,,aljis*,,,
206,0,,allandjo,,,
207,0,,allaþro,,,
208,0,,allawaurstwa,,,
209,0,,allawerei,,,
210,0,,allis,,,
211,0,,alls,,,
212,0,,allwaldands,,,
213,0,,us-alþan,,,
214,0,,alþeis,,,
215,0,,[Alul],,,
216,0,,Ameinadab*,,,
217,0,,amen,,,
218,0,,Ammo*,,,
219,0,,ams*,,,
220,0,,amsa*,,,
221,0,,an,,,
222,0,,ana,,,
223,0,,anabusns,,,
224,0,,anafilh,,,
225,0,,anahaimeis*,,,
226,0,,anaks,,,
227,0,,anakunnains,,,
228,0,,analageins,,,
229,0,,analaugnei,,,
230,0,,analaugns,,,
231,0,,analeiko,,,
232,0,,anamahts,,,
233,0,,anaminds,,,
234,0,,uz-anan,,,
235,0,,Ananias*,,,
236,0,,Ananeias*,,,
237,0,,ananiujiþa*,,,
238,0,,anaqal,,,
239,0,,anaqiss,,,
240,0,,anasiuns,,,
241,0,,anastodeins,,,
242,0,,anaþaima,,,
243,0,,Anaþoþ,,,
244,0,,anawairþs,,,
245,0,,anawiljei,,,
246,0,,and,,,
247,0,,andabauhts,,,
248,0,,andabeit,,,
249,0,,andahafts,,,
250,0,,andahait,,,
251,0,,andalauni,,,
252,0,,andanahti,,,
253,0,,andaneiþa,,,
254,0,,andanem,,,
255,0,,andanemeigs,,,
256,0,,andanems,,,
257,0,,andanumts,,,
258,0,,andasets,,,
259,0,,andastaþjis,,,
260,0,,andastaua,,,
261,0,,andaþāhts,,,
262,0,,andaugi,,,
263,0,,andaugiba,,,
264,0,,andaugjo,,,
265,0,,andawairþi,,,
266,0,,andawaurdi,,,
267,0,,andawizns,,,
268,0,,andawleizn*,,,
269,0,,andbahti,,,
270,0,,andbahtjan,,,
271,0,,andbahts,,,
272,0,,andeis,,,
273,0,,andhuleins,,,
274,0,,andilaus,,,
275,0,,andizuh,,,
276,0,,Andraias,,,
277,0,,andstald*,,,
278,0,,andwairþi,,,
279,0,,andwairþs,,,
280,0,,Anna,,,
281,0,,Annas,,,
282,0,,anno*,,,
283,0,,Ano*,,,
284,0,,ans*,,,
285,0,,ansteigs,,,
286,0,,ansts,,,
287,0,,Antiaukia*,,,
288,0,,Antiokia*,,,
289,0,,anþar,,,
290,0,,anþarleikei,,,
291,0,,anþarleiko,,,
292,0,,Appaullo*,,,
293,0,,apaustaulei,,,
294,0,,apaustaulus,,,
295,0,,aqizi,,,
296,0,,ara,,,
297,0,,Arabia,,,
298,0,,Araita*,,,
299,0,,Aram,,,
300,0,,arbaidjan,,,
301,0,,bi-arbaidjan,,,
302,0,,miþ-arbaidjan,,,
303,0,,þairh-arbaidjan,,,
304,0,,arbaiþs,,,
305,0,,arbi,,,
306,0,,arbinumja,,,
307,0,,arbja,,,
308,0,,arbjo,,,
309,0,,Areimaþaia,,,
310,0,,Areistarkus,,,
311,0,,Arfaksad*,,,
312,0,,arƕazna,,,
313,0,,arjan,,,
314,0,,arka,,,
315,0,,arkaggilus,,,
316,0,,Arkippus,,,
317,0,,armahairtei,,,
318,0,,armahairtiþa,,,
319,0,,armahairts,,,
320,0,,armaio,,,
321,0,,arman,,,
322,0,,ga-arman,,,
323,0,,arms*,,,
324,0,,arms,,,
325,0,,arniba,,,
326,0,,aromata,,,
327,0,,[Artaksairksus],,,
328,0,,arwjo,,,
329,0,,Asaf*,,,
330,0,,asans,,,
331,0,,Aser*,,,
332,0,,Asgad*,,,
333,0,,Asia,,,
334,0,,asiluqairnus,,,
335,0,,asilus,,,
336,0,,Asmoþ,,,
337,0,,asneis,,,
338,0,,assarjus*,,,
339,0,,Assaum,,,
340,0,,astaþ,,,
341,0,,asts,,,
342,0,,at,,,
343,0,,ataþni*,,,
344,0,,Ater*,,,
345,0,,Ateir*,,,
346,0,,atgagg*,,,
347,0,,atisk,,,
348,0,,fra-atjan,,,
349,0,,atta,,,
350,0,,atwitains*,,,
351,0,,Aþeinim,,,
352,0,,aþnam,,,
353,0,,aþþan,,,
354,0,,audagei,,,
355,0,,audagjan,,,
356,0,,audags,,,
357,0,,audahafts,,,
358,0,,aufto,,,
359,0,,augadauro,,,
360,0,,augjan,,,
361,0,,at-augjan,,,
362,0,,augo,,,
363,0,,auhjodus,,,
364,0,,auhjon,,,
365,0,,auhns*,,,
366,0,,auhsa,,,
367,0,,auhsus,,,
368,0,,auhuma,,,
369,0,,auhumists,,,
370,0,,auk,,,
371,0,,aukan,,,
372,0,,ana-aukan,,,
373,0,,bi-aukan,,,
374,0,,ga-aukan,,,
375,0,,auknan,,,
376,0,,bi-auknan,,,
377,0,,Auneiseifaurus,,,
378,0,,Aunisimus,,,
379,0,,aurahjom,,,
380,0,,aurali*,,,
381,0,,aurkjus*,,,
382,0,,aurkeis*,,,
383,0,,aurtigards,,,
384,0,,aurtja,,,
385,0,,auso,,,
386,0,,auþida,,,
387,0,,auþeis*,,,
388,0,,auþs*,,,
389,0,,aweþi,,,
390,0,,awiliudon,,,
391,0,,awiliuþ,,,
392,0,,awistr*,,,
393,0,,awo,,,
394,0,,Axaïa,,,
395,0,,azetjam,,,
396,0,,azets*,,,
397,0,,azgo,,,
398,0,,azwme,,,
399,0,,-ba,,,
400,0,,Babawis,,,
401,0,,badi,,,
402,0,,Bagauis,,,
403,0,,bagms,,,
404,0,,bai,,,
405,0,,Baiailzaibul,,,
406,0,,baidjan,,,
407,0,,ga-baidjan,,,
408,0,,Baidsaiïdan,,,
409,0,,Bailiam,,,
410,0,,Bainiamein,,,
411,0,,bairabagms,,,
412,0,,bairan,,,
413,0,,at-bairan,,,
414,0,,inn-atbairan,,,
415,0,,fra-bairan,,,
416,0,,ga-bairan,,,
417,0,,þairh-bairan,,,
418,0,,us-bairan,,,
419,0,,ūt-bairan,,,
420,0,,Bairauja,,,
421,0,,bairgahei,,,
422,0,,bairgan,,,
423,0,,ga-bairgan,,,
424,0,,bairhtei,,,
425,0,,bairhtjan,,,
426,0,,ga-bairhtjan,,,
427,0,,bairhts,,,
428,0,,bairhtaba,,,
429,0,,baitrei,,,
430,0,,baitrs,,,
431,0,,Baiþil,,,
432,0,,[Baiþlaem],,,
433,0,,Baiþsaïdan,,,
434,0,,bajoþs,,,
435,0,,balgs,,,
436,0,,†balsagga,,,
437,0,,balsan,,,
438,0,,balþaba,,,
439,0,,balþei,,,
440,0,,balþjan,,,
441,0,,balwawesei,,,
442,0,,balweins,,,
443,0,,balwjan,,,
444,0,,Banauis,,,
445,0,,bandi,,,
446,0,,bandja,,,
447,0,,bandwa,,,
448,0,,bandwjan,,,
449,0,,ga-bandwjan,,,
450,0,,bandwo,,,
451,0,,banja*,,,
452,0,,bansts,,,
453,0,,Barabba(s),,,
454,0,,Barakeias*,,,
455,0,,barbarus,,,
456,0,,barizeins,,,
457,0,,barms,,,
458,0,,barn,,,
459,0,,Barnabas,,,
460,0,,barnilo,,,
461,0,,barniskei,,,
462,0,,barniski,,,
463,0,,barnisks,,,
464,0,,Barteimaiaus,,,
465,0,,Barþaulaumaius,,,
466,0,,barusnjan,,,
467,0,,Bassus*,,,
468,0,,batiza,,,
469,0,,batista,,,
470,0,,ga-batnan,,,
471,0,,Batwins*,,,
472,0,,bauains,,,
473,0,,bauan,,,
474,0,,ga-bauan,,,
475,0,,Bauanairgais,,,
476,0,,Bauauz*,,,
477,0,,us-baugjan,,,
478,0,,uf-bauljan,,,
479,0,,baur,,,
480,0,,baurgja,,,
481,0,,baurgs,,,
482,0,,baurgswaddjus,,,
483,0,,baurþei,,,
484,0,,bauþs,,,
485,0,,beidan,,,
486,0,,ga-beidan,,,
487,0,,us-beidan,,,
488,0,,beist,,,
489,0,,ga-beistjan,,,
490,0,,beitan,,,
491,0,,and-beitan,,,
492,0,,Beroþ,,,
493,0,,berusjos,,,
494,0,,Beþania,,,
495,0,,Beþlaihaim,,,
496,0,,Beþsaeida,,,
497,0,,Beþsfagei,,,
498,0,,bi,,,
499,0,,bibaurgeins,,,
500,0,,bida,,,
501,0,,bidagwa,,,
502,0,,bidjan,,,
503,0,,ga-bidjan,,,
504,0,,us-bidan,,,
505,0,,bifaih,,,
506,0,,bifaihon,,,
507,0,,bihait,,,
508,0,,bihaitja,,,
509,0,,biƕe,,,
510,0,,bijands,,,
511,0,,bimait,,,
512,0,,bindan,,,
513,0,,and-bindan,,,
514,0,,bi-bindan,,,
515,0,,ga-bindan,,,
516,0,,bireikei,,,
517,0,,birekjai,,,
518,0,,birodeins,,,
519,0,,birūnains,,,
520,0,,birusjos,,,
521,0,,bisauleins,,,
522,0,,bistug(g)q,,,
523,0,,bisunjane,,,
524,0,,biþe,,,
525,0,,ana-biudan,,,
526,0,,faur-biudan,,,
527,0,,biugan,,,
528,0,,ga-biugan,,,
529,0,,biuhti,,,
530,0,,biuhts,,,
531,0,,biuþs*,,,
532,0,,blandan,,,
533,0,,blauþjan,,,
534,0,,ga-blauþjan,,,
535,0,,bleiþei,,,
536,0,,bleiþjan,,,
537,0,,ga-bleiþjan,,,
538,0,,bleiþs,,,
539,0,,uf-blesan,,,
540,0,,bliggwan,,,
541,0,,us-bliggwan,,,
542,0,,ga-blindjan,,,
543,0,,af-blindnan,,,
544,0,,blinds,,,
545,0,,bloma*,,,
546,0,,blotan,,,
547,0,,blotinassus,,,
548,0,,bloþ,,,
549,0,,bloþarinnandei,,,
550,0,,bnauan,,,
551,0,,boka,,,
552,0,,bokareis,,,
553,0,,bota,,,
554,0,,botjan,,,
555,0,,ga-botjan,,,
556,0,,braƕa,,,
557,0,,braidei,,,
558,0,,us-braidjan,,,
559,0,,braiþs,,,
560,0,,brakja,,,
561,0,,ga-brannjan,,,
562,0,,in-brannjan,,,
563,0,,briggan,,,
564,0,,brikan,,,
565,0,,ga-brikan,,,
566,0,,uf-brikan,,,
567,0,,brinnan,,,
568,0,,uf-brinnan,,,
569,0,,brinno,,,
570,0,,broþar,,,
571,0,,broþrahans,,,
572,0,,broþrulubo,,,
573,0,,brūkjan,,,
574,0,,us-bruknan,,,
575,0,,brūks,,,
576,0,,brunjo,,,
577,0,,brunna,,,
578,0,,brusts,,,
579,0,,brūþfaþs,,,
580,0,,brūþs,,,
581,0,,bugjan,,,
582,0,,fra-bugjan,,,
583,0,,us-bugjan,,,
584,0,,and-bundnan,,,
585,0,,bwssaun,,,
586,0,,ga-daban,,,
587,0,,daddjan,,,
588,0,,dags,,,
589,0,,daigs,,,
590,0,,Daikapaulis*,,,
591,0,,daila,,,
592,0,,dailjan,,,
593,0,,af-dailjan,,,
594,0,,dis-dailjan,,,
595,0,,fra-dailjan,,,
596,0,,ga-dailjan,,,
597,0,,dails,,,
598,0,,daimonareis,,,
599,0,,dals*,,,
600,0,,dalaþ,,,
601,0,,dalaþa,,,
602,0,,dalaþro,,,
603,0,,Dalmatia,,,
604,0,,Damaskon,,,
605,0,,faur-dammjan,,,
606,0,,daubei,,,
607,0,,daubiþa,,,
608,0,,ga-daubjan,,,
609,0,,af-daubnan,,,
610,0,,us-daudjan,,,
611,0,,daufs,,,
612,0,,dauhtar,,,
613,0,,dauhts,,,
614,0,,af-dauiþs*,,,
615,0,,dauns,,,
616,0,,daupeins,,,
617,0,,daupjan,,,
618,0,,uf-daupjan,,,
619,0,,daupjands,,,
620,0,,daur,,,
621,0,,daurawarda,,,
622,0,,daurawardo,,,
623,0,,daurawards,,,
624,0,,Dauriþaius*,,,
625,0,,daurons,,,
626,0,,ga-daursan,,,
627,0,,dauþeins,,,
628,0,,dauþjan,,,
629,0,,af-dauþjan,,,
630,0,,ga-dauþjan,,,
631,0,,ga-dauþnan,,,
632,0,,miþ-gadauþnan,,,
633,0,,dauþs,,,
634,0,,dauþubleis*,,,
635,0,,dauþus,,,
636,0,,Daweid,,,
637,0,,Demas,,,
638,0,,diabula,,,
639,0,,diabaulus,,,
640,0,,diabulus,,,
641,0,,diakaunus,,,
642,0,,Didimus,,,
643,0,,digan,,,
644,0,,ga-digan,,,
645,0,,digrei,,,
646,0,,distaheins*,,,
647,0,,diswiss,,,
648,0,,diupei,,,
649,0,,diupiþa,,,
650,0,,ga-diupjan,,,
651,0,,diups,,,
652,0,,dius*,,,
653,0,,diwan,,,
654,0,,af-dobnan,,,
655,0,,af-dojan*,,,
656,0,,domjan,,,
657,0,,af-domjan,,,
658,0,,bi-domjan,,,
659,0,,ga-domjan,,,
660,0,,doms*,,,
661,0,,ga-draban,,,
662,0,,†dragan,,,
663,0,,ga-dragan,,,
664,0,,dragk,,,
665,0,,dragkjan,,,
666,0,,ga-dragkjan,,,
667,0,,draibjan,,,
668,0,,drakma*,,,
669,0,,drauhsnos,,,
670,0,,drauhtinassus,,,
671,0,,drauhtinon,,,
672,0,,drauhtiwitoþ,,,
673,0,,af-drausjan,,,
674,0,,ga-drausjan,,,
675,0,,drausnos,,,
676,0,,dreiban,,,
677,0,,us-dreiban,,,
678,0,,drigkan,,,
679,0,,ana-drigkan,,,
680,0,,ga-drigkan,,,
681,0,,driugan,,,
682,0,,driusan,,,
683,0,,at-driusan,,,
684,0,,dis-driusan,,,
685,0,,ga-driusan,,,
686,0,,us-driusan,,,
687,0,,driuso,,,
688,0,,drobjan,,,
689,0,,drobna,,,
690,0,,drobnan,,,
691,0,,ga-drobnan,,,
692,0,,in-drobnan,,,
693,0,,drugkanei,,,
694,0,,drunjus,,,
695,0,,drus,,,
696,0,,du,,,
697,0,,dugan*,,,
698,0,,duƕe,,,
699,0,,dulgahaitja,,,
700,0,,dulgis,,,
701,0,,dulþjan,,,
702,0,,dulþs,,,
703,0,,af-dumbnan,,,
704,0,,dumbs,,,
705,0,,duþe,,,
706,0,,dwalawaurdei,,,
707,0,,dwaliþa,,,
708,0,,dwalmon,,,
709,0,,dwals,,,
710,0,,Eeiram,,,
711,0,,ei,,,
712,0,,Eiaireiko,,,
713,0,,Eikaunion,,,
714,0,,eisarn,,,
715,0,,eisarnabandi,,,
716,0,,eisarneins,,,
717,0,,eiþan,,,
718,0,,†eiþau,,,
719,0,,Esaïas,,,
720,0,,Esaw,,,
721,0,,fadar,,,
722,0,,[Faddasur],,,
723,0,,fadrein,,,
724,0,,fadreins,,,
725,0,,faginon,,,
726,0,,miþ-faginon,,,
727,0,,fagrs*,,,
728,0,,fāhan,,,
729,0,,ga-fahan,,,
730,0,,faheþs,,,
731,0,,fulla-fahjan,,,
732,0,,ga-fahrjan,,,
733,0,,faian,,,
734,0,,bi-faihon,,,
735,0,,ga-faihon,,,
736,0,,faihu,,,
737,0,,faihufrikei,,,
738,0,,faihufriks,,,
739,0,,faihugairnei,,,
740,0,,faihugairns,,,
741,0,,faihugawaurki,,,
742,0,,faihugeiro,,,
743,0,,faihuskula,,,
744,0,,faihuþraihna,,,
745,0,,fairguni,,,
746,0,,wai-fairƕjan,,,
747,0,,fairƕus,,,
748,0,,fairina,,,
749,0,,fairinon,,,
750,0,,fairneis*,,,
751,0,,fairniþa,,,
752,0,,fairns*,,,
753,0,,fairra,,,
754,0,,fairraþro,,,
755,0,,fairweitl,,,
756,0,,fairzna,,,
757,0,,Falaig,,,
758,0,,†Fallasur,,,
759,0,,falþan,,,
760,0,,fana,,,
761,0,,fani,,,
762,0,,Fanuel,,,
763,0,,Farais*,,,
764,0,,faran,,,
765,0,,Farao*,,,
766,0,,Fareisaius,,,
767,0,,farjan,,,
768,0,,at-farjan,,,
769,0,,fāskja*,,,
770,0,,fastan,,,
771,0,,ga-fastan,,,
772,0,,fastubni,,,
773,0,,faþa,,,
774,0,,fauho,,,
775,0,,faur,,,
776,0,,faura,,,
777,0,,fauradauri,,,
778,0,,faurafilli,,,
779,0,,fauragagga*,,,
780,0,,fauragaggi,,,
781,0,,fauragaggja,,,
782,0,,faurahāh,,,
783,0,,fauramaþleis,,,
784,0,,fauramaþli,,,
785,0,,fauratani,,,
786,0,,faurbauhts,,,
787,0,,faurdomeins,,,
788,0,,faurhāh,,,
789,0,,faurhtei,,,
790,0,,faurhtjan,,,
791,0,,faurhts,,,
792,0,,faurlageins,,,
793,0,,faurstasseis*,,,
794,0,,Faurtunatus,,,
795,0,,faurþis,,,
796,0,,faurþizei,,,
797,0,,fawai*,,,
798,0,,in-feinan,,,
799,0,,fera,,,
800,0,,ferja*,,,
801,0,,fetjan,,,
802,0,,fian,,,
803,0,,fidurdogs,,,
804,0,,fidurfalþs,,,
805,0,,fidurragini,,,
806,0,,fidwor,,,
807,0,,fidwortaihun,,,
808,0,,figgragulþ,,,
809,0,,figgrs,,,
810,0,,fijan,,,
811,0,,fijands,,,
812,0,,fijaþwa,,,
813,0,,filaus,,,
814,0,,filegri,,,
815,0,,Filetus,,,
816,0,,filhan,,,
817,0,,af-filhan,,,
818,0,,ana-filhan,,,
819,0,,ga-filhan,,,
820,0,,us-filhan,,,
821,0,,filigri*,,,
822,0,,Filippai,,,
823,0,,Filippisius,,,
824,0,,Filippus,,,
825,0,,filleins,,,
826,0,,filu,,,
827,0,,filudeisei,,,
828,0,,filufáihs,,,
829,0,,filugalaufs*,,,
830,0,,filusna,,,
831,0,,filuwaurdei,,,
832,0,,filu-waurdjan,,,
833,0,,fimf,,,
834,0,,fimftaihun,,,
835,0,,fimftataihunda,,,
836,0,,finþan,,,
837,0,,fiskja,,,
838,0,,fiskon,,,
839,0,,fisks,,,
840,0,,fitan,,,
841,0,,flahtom,,,
842,0,,[us-flaugjan],,,
843,0,,flautjan,,,
844,0,,flauts,,,
845,0,,flodus,,,
846,0,,flokan*,,,
847,0,,fodeins,,,
848,0,,fodjan,,,
849,0,,fodr,,,
850,0,,fon,,,
851,0,,fotubandi,,,
852,0,,fotubaurd,,,
853,0,,fotus,,,
854,0,,frabauhtaboka,,,
855,0,,fragan,,,
856,0,,fragifts,,,
857,0,,fraihnan,,,
858,0,,ga-fraihnan,,,
859,0,,fraisan,,,
860,0,,us-fraisan,,,
861,0,,fraistubni,,,
862,0,,fraiw,,,
863,0,,fralet*,,,
864,0,,fralets,,,
865,0,,fralusts,,,
866,0,,fram,,,
867,0,,framaldrs,,,
868,0,,framaþeis*,,,
869,0,,framaþjan,,,
870,0,,framgāhts*,,,
871,0,,framis,,,
872,0,,framwairþis,,,
873,0,,framwigis,,,
874,0,,[fraqisteins],,,
875,0,,frastisibja,,,
876,0,,frasts,,,
877,0,,us-fratwjan,,,
878,0,,fraþi,,,
879,0,,fraþjamarzeins,,,
880,0,,fraþjan,,,
881,0,,fulla-fraþjan,,,
882,0,,frauja,,,
883,0,,fraujinassus,,,
884,0,,fraujinon,,,
885,0,,ga-fraujinon,,,
886,0,,fraujinonds,,,
887,0,,frawardeins*,,,
888,0,,frawaurhts,,,
889,0,,frawaurhts,,,
890,0,,fraweit,,,
891,0,,freidjan,,,
892,0,,freihals,,,
893,0,,freis,,,
894,0,,friaþwamildjai,,,
895,0,,frijaþwa,,,
896,0,,frijei,,,
897,0,,frijon,,,
898,0,,frijondi,,,
899,0,,frijonds,,,
900,0,,frijons,,,
901,0,,ga-frisahtjan,,,
902,0,,ga-frisahtnan,,,
903,0,,frisahts,,,
904,0,,[Friþareikeis],,,
905,0,,ga-friþon,,,
906,0,,friusa,,,
907,0,,frodei,,,
908,0,,froþs,,,
909,0,,fruma,,,
910,0,,frumabaur,,,
911,0,,frumadei,,,
912,0,,frumisti,,,
913,0,,frumists,,,
914,0,,frumist,,,
915,0,,fugls,,,
916,0,,fula,,,
917,0,,fulgins,,,
918,0,,fulhsni,,,
919,0,,fulla-fahjan,,,
920,0,,fulla-fraþjan,,,
921,0,,fullatojis,,,
922,0,,fullaweis,,,
923,0,,fulla-weisjan,,,
924,0,,fullawita,,,
925,0,,full[e]iþ,,,
926,0,,fulljan,,,
927,0,,ga-fulljan,,,
928,0,,ufar-fulljan,,,
929,0,,us-fulljan,,,
930,0,,fullnan,,,
931,0,,ga-fullnan,,,
932,0,,us-fullnan,,,
933,0,,fullo,,,
934,0,,fulls,,,
935,0,,fūls,,,
936,0,,funins,,,
937,0,,funin,,,
938,0,,funisks,,,
939,0,,Fwgailus,,,
940,0,,fwnikisks,,,
941,0,,gaaggwei,,,
942,0,,gaarbja,,,
943,0,,Gabaa,,,
944,0,,Gabair,,,
945,0,,gabairhteins,,,
946,0,,gabaur,,,
947,0,,gabaur*,,,
948,0,,gabaurgja,,,
949,0,,gabaurjaba,,,
950,0,,gabaurjoþus,,,
951,0,,gabaurþiwaurd,,,
952,0,,gabaurþs,,,
953,0,,gabei,,,
954,0,,gabeigs,,,
955,0,,gabigjan,,,
956,0,,gabignan,,,
957,0,,gabigs,,,
958,0,,gabigaba,,,
959,0,,gabinda,,,
960,0,,gabindi,,,
961,0,,gableiþeins,,,
962,0,,Gabriel,,,
963,0,,gabruka,,,
964,0,,gabundi,,,
965,0,,gadaila,,,
966,0,,gadauka*,,,
967,0,,Gaddarenus*,,,
968,0,,gadeþs*,,,
969,0,,[gadigis],,,
970,0,,gadiliggs,,,
971,0,,ga-dofs*,,,
972,0,,gadrauhts,,,
973,0,,gafāh*,,,
974,0,,gafaurds,,,
975,0,,gafaurs,,,
976,0,,gafehaba,,,
977,0,,gafeteins,,,
978,0,,gafilh*,,,
979,0,,gafraþjei,,,
980,0,,gafreideins,,,
981,0,,gafrijons,,,
982,0,,gafriþons,,,
983,0,,gafulgins,,,
984,0,,gagg*,,,
985,0,,gaggan,,,
986,0,,af-gaggan,,,
987,0,,afar-gaggan,,,
988,0,,ana-gaggan,,,
989,0,,at-gaggan,,,
990,0,,du-atgaggan,,,
991,0,,inn-atgaggan,,,
992,0,,faur-gaggan,,,
993,0,,faur-bigaggan,,,
994,0,,faura-gaggan,,,
995,0,,ga-gaggan,,,
996,0,,inn-gaggan,,,
997,0,,miþ-gaggan,,,
998,0,,þairh-gaggan,,,
999,0,,ufar-gaggan,,,
1000,0,,us-gaggan,,,
1001,0,,ūt-gaggan,,,
1002,0,,wiþra-gaggan,,,
1003,0,,gagrefts,,,
1004,0,,gagudei,,,
1005,0,,gaguþs*,,,
1006,0,,gagudaba,,,
1007,0,,gahāhjo,,,
1008,0,,gahails,,,
1009,0,,gahait,,,
1010,0,,gahauseins,,,
1011,0,,gahlaiba,,,
1012,0,,gahlaifs*,,,
1013,0,,[ga-hnipnan],,,
1014,0,,gahobains,,,
1015,0,,gahraineins,,,
1016,0,,gahugds,,,
1017,0,,gaƕairbs,,,
1018,0,,gaƕeilains,,,
1019,0,,gaiainna,,,
1020,0,,gaidw*,,,
1021,0,,gailjan,,,
1022,0,,Gainnesaraiþ,,,
1023,0,,gairda,,,
1024,0,,bi-gairdan,,,
1025,0,,uf-gairdan,,,
1026,0,,Gairgaisainus*,,,
1027,0,,gairnei,,,
1028,0,,gairnjan,,,
1029,0,,gairuni*,,,
1030,0,,us-gaisjan,,,
1031,0,,gaitein*,,,
1032,0,,gaits,,,
1033,0,,Gaïus,,,
1034,0,,gajuk,,,
1035,0,,gajuka,,,
1036,0,,gajuko,,,
1037,0,,gakunds,,,
1038,0,,gakunþs,,,
1039,0,,gakusts,,,
1040,0,,galaista,,,
1041,0,,Galateis,,,
1042,0,,Galatia*,,,
1043,0,,galaubeins,,,
1044,0,,galaubeins,,,
1045,0,,galaufs*,,,
1046,0,,galeika*,,,
1047,0,,galeiki*,,,
1048,0,,galeiks,,,
1049,0,,galeiko,,,
1050,0,,Galeilaia,,,
1051,0,,Galeilaius,,,
1052,0,,galga,,,
1053,0,,galigri,,,
1054,0,,galiug,,,
1055,0,,galiugaapaustaulus,,,
1056,0,,galiugabroþar,,,
1057,0,,galiugaguþ,,,
1058,0,,galiugapraufetus*,,,
1059,0,,galiugaweitwoþs,,,
1060,0,,galiugaxristus,,,
1061,0,,†galubaim,,,
1062,0,,gamaindūþs,,,
1063,0,,gamainei,,,
1064,0,,gamainja,,,
1065,0,,gamains,,,
1066,0,,gamainþs,,,
1067,0,,gamaiþs*,,,
1068,0,,gamalteins,,,
1069,0,,gaman,,,
1070,0,,†gamarko,,,
1071,0,,gamarzeins,,,
1072,0,,gamaudeins,,,
1073,0,,gameleins,,,
1074,0,,gaminþi,,,
1075,0,,gamitons,,,
1076,0,,gamunds,,,
1077,0,,ganauha,,,
1078,0,,ganists,,,
1079,0,,ganiþjis,,,
1080,0,,ganohs,,,
1081,0,,gansjan,,,
1082,0,,gaqiss,,,
1083,0,,gaqiss,,,
1084,0,,gaqumþs,,,
1085,0,,garaideins,,,
1086,0,,garaihtei,,,
1087,0,,garaihteins,,,
1088,0,,garaihtiþa,,,
1089,0,,garaihts,,,
1090,0,,garaiþs*,,,
1091,0,,garazna,,,
1092,0,,garazno,,,
1093,0,,garda,,,
1094,0,,gardawaldands,,,
1095,0,,gards,,,
1096,0,,garedaba,,,
1097,0,,garehsns,,,
1098,0,,gariudei,,,
1099,0,,gariudi,,,
1100,0,,gariuþs*,,,
1101,0,,garūni,,,
1102,0,,garunjo,,,
1103,0,,garuns,,,
1104,0,,gasahts,,,
1105,0,,gasateins,,,
1106,0,,gasinþa*,,,
1107,0,,gasinþja*,,,
1108,0,,gaskadweins*,,,
1109,0,,gaskafts,,,
1110,0,,gaskaideins,,,
1111,0,,gaskalki,,,
1112,0,,gaskohi,,,
1113,0,,gaskohs,,,
1114,0,,gastigodei,,,
1115,0,,gastigoþs*,,,
1116,0,,gasts,,,
1117,0,,gataura,,,
1118,0,,gataurþs*,,,
1119,0,,gatemiba,,,
1120,0,,gatils,,,
1121,0,,gatilaba,,,
1122,0,,gatimreins,,,
1123,0,,gatimrjo,,,
1124,0,,gatwo,,,
1125,0,,gaþagki,,,
1126,0,,gaþaurbs,,,
1127,0,,gaþlaihts,,,
1128,0,,gaþrafsteins,,,
1129,0,,gaþrask,,,
1130,0,,gauja,,,
1131,0,,Gaulgauþa,,,
1132,0,,Gaumaurra,,,
1133,0,,Gaumaurjam,,,
1134,0,,gaumjan,,,
1135,0,,gaunon,,,
1136,0,,[gaunoþus],,,
1137,0,,gaurei,,,
1138,0,,gauriþa,,,
1139,0,,gaurjan,,,
1140,0,,gáurs,,,
1141,0,,gawairþeigs,,,
1142,0,,gawairþi,,,
1143,0,,gawaleins,,,
1144,0,,gawamms,,,
1145,0,,[gawandeins],,,
1146,0,,gawargeins,,,
1147,0,,gawaseins,,,
1148,0,,gawaurdi,,,
1149,0,,gawaurki,,,
1150,0,,gawaurstwa,,,
1151,0,,[gawaurts],,,
1152,0,,gawi,,,
1153,0,,gawiljis*,,,
1154,0,,gawiss,,,
1155,0,,gawizneigs,,,
1156,0,,gazaufwlakio,,,
1157,0,,gazds,,,
1158,0,,faihu-geigan,,,
1159,0,,ga-geigan,,,
1160,0,,us-geisnan,,,
1161,0,,giba,,,
1162,0,,giban,,,
1163,0,,gibands,,,
1164,0,,af-giban sik,,,
1165,0,,at-giban,,,
1166,0,,fra-giban,,,
1167,0,,us-giban,,,
1168,0,,gibla,,,
1169,0,,gild,,,
1170,0,,fra-gildan,,,
1171,0,,us-gildan,,,
1172,0,,gilstr,,,
1173,0,,gilstrameleins,,,
1174,0,,gilþa,,,
1175,0,,du-ginnan,,,
1176,0,,gistradagis,,,
1177,0,,bi-gitan,,,
1178,0,,giutan,,,
1179,0,,ufar-giutan,,,
1180,0,,glaggwaba,,,
1181,0,,glaggwo,,,
1182,0,,glaggwuba,,,
1183,0,,glitmunjan,,,
1184,0,,godakunds,,,
1185,0,,godei,,,
1186,0,,goleins,,,
1187,0,,goljan,,,
1188,0,,goþs,,,
1189,0,,graba,,,
1190,0,,graban,,,
1191,0,,bi-graban,,,
1192,0,,uf-graban,,,
1193,0,,us-graban,,,
1194,0,,gramjan,,,
1195,0,,in-gramjan,,,
1196,0,,gramsta,,,
1197,0,,gras,,,
1198,0,,gredags,,,
1199,0,,gredon,,,
1200,0,,gredus,,,
1201,0,,greipan,,,
1202,0,,fair-greipan,,,
1203,0,,und-greipan,,,
1204,0,,gretan,,,
1205,0,,grets,,,
1206,0,,grindafraþjis*,,,
1207,0,,griþs*,,,
1208,0,,groba,,,
1209,0,,grunduwaddjus,,,
1210,0,,gudafaurhts,,,
1211,0,,gudalaus,,,
1212,0,,gudaskaunei,,,
1213,0,,gudblostreis,,,
1214,0,,gudhūs,,,
1215,0,,Gudilub,,,
1216,0,,gudisks,,,
1217,0,,gudja,,,
1218,0,,gudjinassus,,,
1219,0,,gudjinon,,,
1220,0,,gulþ,,,
1221,0,,gulþeins,,,
1222,0,,guma,,,
1223,0,,gumakunds,,,
1224,0,,gumein,,,
1225,0,,gund,,,
1226,0,,us-gutnan,,,
1227,0,,Gutþiuda,,,
1228,0,,guþ,,,
1229,0,,haban,,,
1230,0,,af-haban,,,
1231,0,,ana-haban,,,
1232,0,,at-haban,,,
1233,0,,dis-haban,,,
1234,0,,ga-haban,,,
1235,0,,uf-haban,,,
1236,0,,hafjan,,,
1237,0,,and-hafjan,,,
1238,0,,at-hafjan,,,
1239,0,,ufar-hafjan,,,
1240,0,,us-hafjan,,,
1241,0,,ufar-hafnan,,,
1242,0,,haftjan,,,
1243,0,,ga-haftjan,,,
1244,0,,ga-gáhaftjan,,,
1245,0,,ga-haftnan,,,
1246,0,,hafts,,,
1247,0,,hāhan,,,
1248,0,,at-hahan,,,
1249,0,,us-hahan,,,
1250,0,,hāhan,,,
1251,0,,Haibraius,,,
1252,0,,haidus,,,
1253,0,,haifstjan,,,
1254,0,,haifsts,,,
1255,0,,háihs,,,
1256,0,,Haileias*,,,
1257,0,,Haileisaius,,,
1258,0,,hailjan,,,
1259,0,,ga-hailjan,,,
1260,0,,ga-hailnan,,,
1261,0,,hails,,,
1262,0,,haimoþli,,,
1263,0,,haims*,,,
1264,0,,hairaiseis,,,
1265,0,,hairda,,,
1266,0,,hairdeis,,,
1267,0,,Hairmaugaineis,,,
1268,0,,Hairodia*,,,
1269,0,,hairto,,,
1270,0,,hairþra,,,
1271,0,,hairus,,,
1272,0,,haizam,,,
1273,0,,haitan,,,
1274,0,,ana-haitan,,,
1275,0,,and-haitan,,,
1276,0,,at-haitan,,,
1277,0,,fair-haitan,,,
1278,0,,ga-haitan,,,
1279,0,,faura-gahaitan,,,
1280,0,,us-haitan,,,
1281,0,,haiti,,,
1282,0,,haiþi,,,
1283,0,,haiþiwisks,,,
1284,0,,háiþno,,,
1285,0,,hakuls,,,
1286,0,,halba,,,
1287,0,,halbs,,,
1288,0,,haldan,,,
1289,0,,haldis,,,
1290,0,,halisaiw,,,
1291,0,,halja,,,
1292,0,,halks,,,
1293,0,,hallus,,,
1294,0,,hals,,,
1295,0,,[halsagga],,,
1296,0,,halts,,,
1297,0,,hamfs,,,
1298,0,,af-hamon,,,
1299,0,,ana-hamon,,,
1300,0,,and-hamon,,,
1301,0,,ga-hamon,,,
1302,0,,ufar-hamon,,,
1303,0,,hana,,,
1304,0,,handugei,,,
1305,0,,handugs,,,
1306,0,,handus,,,
1307,0,,handuwaurhts,,,
1308,0,,hansa,,,
1309,0,,ga-hardjan,,,
1310,0,,harduhairtei,,,
1311,0,,hardus,,,
1312,0,,harjis,,,
1313,0,,hatan,,,
1314,0,,hatis,,,
1315,0,,hatizon,,,
1316,0,,hatjan,,,
1317,0,,haubiþ,,,
1318,0,,hauhei,,,
1319,0,,hauheins,,,
1320,0,,hauhhairtei,,,
1321,0,,hauhhairts,,,
1322,0,,hauhisti*,,,
1323,0,,hauhiþa,,,
1324,0,,hauhjan,,,
1325,0,,ufar-hauhjan,,,
1326,0,,us-hauhjan,,,
1327,0,,us-hauhnan,,,
1328,0,,háuhs,,,
1329,0,,hauhista,,,
1330,0,,hauhaba,,,
1331,0,,hauhis,,,
1332,0,,hauhþuhts,,,
1333,0,,hauneins,,,
1334,0,,hauniþa,,,
1335,0,,haunjan,,,
1336,0,,ga-haunjan,,,
1337,0,,hauns,,,
1338,0,,haurds,,,
1339,0,,hauri,,,
1340,0,,haurn,,,
1341,0,,haurnja,,,
1342,0,,haurnjan,,,
1343,0,,hauseins,,,
1344,0,,hausjan,,,
1345,0,,and-hausjan,,,
1346,0,,ga-hausjan,,,
1347,0,,uf-hausjan,,,
1348,0,,hausjon,,,
1349,0,,hawi,,,
1350,0,,hazeins,,,
1351,0,,hazjan,,,
1352,0,,heito,,,
1353,0,,heiwafrauja,,,
1354,0,,helei,,,
1355,0,,Helei*,,,
1356,0,,Helias,,,
1357,0,,Her,,,
1358,0,,her,,,
1359,0,,Herodes,,,
1360,0,,Herodia,,,
1361,0,,Herodianus*,,,
1362,0,,heþjo,,,
1363,0,,hi-,,,
1364,0,,hidre,,,
1365,0,,hilms,,,
1366,0,,hilpan,,,
1367,0,,ga-hilpan,,,
1368,0,,himinakunds,,,
1369,0,,himins,,,
1370,0,,himma,,,
1371,0,,hina,,,
1372,0,,hindana,,,
1373,0,,hindar,,,
1374,0,,hindarweis,,,
1375,0,,hindarweisei,,,
1376,0,,hindumists,,,
1377,0,,fra-hinþan,,,
1378,0,,miþ-frahinþan,,,
1379,0,,us-hinþan,,,
1380,0,,hiri,,,
1381,0,,hita,,,
1382,0,,hiufan,,,
1383,0,,hiuhma,,,
1384,0,,hiwi,,,
1385,0,,hlahjan,,,
1386,0,,bi-hlahjan,,,
1387,0,,hlaifs,,,
1388,0,,hlaine,,,
1389,0,,hlaiw,,,
1390,0,,hlaiwasnos,,,
1391,0,,hlamma,,,
1392,0,,hlas*,,,
1393,0,,hlasoza,,,
1394,0,,hlasei,,,
1395,0,,af-hlaþan,,,
1396,0,,us-hlaupan,,,
1397,0,,hlauts,,,
1398,0,,hleibjan,,,
1399,0,,hleiduma,,,
1400,0,,hleiþra,,,
1401,0,,ufar-hleiþrjan,,,
1402,0,,hleþrastakeins,,,
1403,0,,hlifan,,,
1404,0,,hliftus,,,
1405,0,,hlijans,,,
1406,0,,hliuma,,,
1407,0,,uf-hlohjan,,,
1408,0,,hlutrei,,,
1409,0,,hlutriþa,,,
1410,0,,hlūtrs*,,,
1411,0,,hnaiweins,,,
1412,0,,hnaiwjan,,,
1413,0,,ana-hnaiwjan,,,
1414,0,,ga-hnaiwjan,,,
1415,0,,uf-hnaiwjan,,,
1416,0,,hnaiws,,,
1417,0,,hnasqjaim*,,,
1418,0,,hneiwan,,,
1419,0,,ana-hneiwan,,,
1420,0,,[ga-hnipnan],,,
1421,0,,dis-hniupan,,,
1422,0,,dis-hnupnan,,,
1423,0,,hnuþo,,,
1424,0,,hoha,,,
1425,0,,holon,,,
1426,0,,af-holon,,,
1427,0,,horinassus,,,
1428,0,,horinon,,,
1429,0,,ga-horinon,,,
1430,0,,hors,,,
1431,0,,hrainei,,,
1432,0,,hraineins,,,
1433,0,,hrainjahairts,,,
1434,0,,hrainjan,,,
1435,0,,af-hrainjan,,,
1436,0,,ga-hrainjan,,,
1437,0,,us-hrainjan,,,
1438,0,,hrains,,,
1439,0,,hraiwadūbo,,,
1440,0,,hramjan,,,
1441,0,,us-hramjan,,,
1442,0,,af-hrisjan,,,
1443,0,,us-hrisjan,,,
1444,0,,hropjan,,,
1445,0,,uf-hropjan,,,
1446,0,,hrops,,,
1447,0,,hrot,,,
1448,0,,hroþeigs,,,
1449,0,,hrugga,,,
1450,0,,hrūkjan,,,
1451,0,,hruk,,,
1452,0,,and-hruskan,,,
1453,0,,huggrjan,,,
1454,0,,hugjan,,,
1455,0,,af-hugjan,,,
1456,0,,†and-hugjan,,,
1457,0,,faura-gahugjan,,,
1458,0,,ufar-hugjan,,,
1459,0,,hugs*,,,
1460,0,,hugs*,,,
1461,0,,huhjan,,,
1462,0,,huhrus,,,
1463,0,,hulistr,,,
1464,0,,huljan,,,
1465,0,,and-huljan,,,
1466,0,,dis-huljan,,,
1467,0,,ga-huljan,,,
1468,0,,us-hulon,,,
1469,0,,hulþs,,,
1470,0,,hulundi,,,
1471,0,,-hun,,,
1472,0,,hunda,,,
1473,0,,hundafaþs,,,
1474,0,,hunds,,,
1475,0,,hunsl,,,
1476,0,,hunslastaþs,,,
1477,0,,hunsljan,,,
1478,0,,hunþs*,,,
1479,0,,hups,,,
1480,0,,huzd,,,
1481,0,,huzdjan,,,
1482,0,,Hwmainaius,,,
1483,0,,hwssopon,,,
1484,0,,ƕad,,,
1485,0,,ƕadre,,,
1486,0,,ƕa-h,,,
1487,0,,ƕairban,,,
1488,0,,bi-ƕairban,,,
1489,0,,ƕairnei*,,,
1490,0,,ƕaiteis*,,,
1491,0,,ƕaiwa,,,
1492,0,,ƕan,,,
1493,0,,ƕanhun,,,
1494,0,,af-ƕapjan,,,
1495,0,,af-ƕapnan,,,
1496,0,,ƕar,,,
1497,0,,ƕarbon,,,
1498,0,,ƕarjis,,,
1499,0,,ƕarjizuh,,,
1500,0,,ƕas,,,
1501,0,,ƕashun,,,
1502,0,,ƕassaba,,,
1503,0,,ƕassei,,,
1504,0,,[gaƕatjan],,,
1505,0,,ƕaþ,,,
1506,0,,ƕaþar,,,
1507,0,,[ƕaþaruh],,,
1508,0,,ƕaþjan,,,
1509,0,,ƕaþo,,,
1510,0,,ƕaþro,,,
1511,0,,ƕazuh,,,
1512,0,,ƕe,,,
1513,0,,ƕeh,,,
1514,0,,ƕeila,,,
1515,0,,ƕeilaƕairbs,,,
1516,0,,ƕeilan,,,
1517,0,,ana-ƕeilan,,,
1518,0,,ga-ƕeilan,,,
1519,0,,ƕeilohun,,,
1520,0,,ga-ƕeitjan,,,
1521,0,,ƕeits,,,
1522,0,,ƕelauþs*,,,
1523,0,,ƕileiks,,,
1524,0,,ƕilftrjom,,,
1525,0,,ƕoftuli,,,
1526,0,,ƕoh,,,
1527,0,,ƕopan,,,
1528,0,,ƕota,,,
1529,0,,ƕotjan,,,
1530,0,,ga-ƕotjan,,,
1531,0,,Iaeirus,,,
1532,0,,Iairaimias*,,,
1533,0,,Iairaupaulein,,,
1534,0,,Iaireiko*,,,
1535,0,,Iairiko*,,,
1536,0,,Iairusalem,,,
1537,0,,Iairusaulwma,,,
1538,0,,Iairusaulwmeis,,,
1539,0,,Iairusaulwmeite,,,
1540,0,,Iaissaizis,,,
1541,0,,Iakob,,,
1542,0,,Iakobus,,,
1543,0,,Iaredis,,,
1544,0,,Iareim,,,
1545,0,,Iasson,,,
1546,0,,Iaurdanus*,,,
1547,0,,ibai,,,
1548,0,,ibdaljin,,,
1549,0,,ibna,,,
1550,0,,ibnaleiks,,,
1551,0,,ibnaskauns*,,,
1552,0,,~skauneis*,,,
1553,0,,ibnassus,,,
1554,0,,ga-ïbnjan,,,
1555,0,,ibns,,,
1556,0,,ibuks,,,
1557,0,,iddja,,,
1558,0,,idreiga,,,
1559,0,,idreigon,,,
1560,0,,ga-ïdreigon,,,
1561,0,,Idumaia,,,
1562,0,,idweit,,,
1563,0,,idweitjan,,,
1564,0,,Iesus,,,
1565,0,,iftuma,,,
1566,0,,iggqar,,,
1567,0,,igqis,,,
1568,0,,ik,,,
1569,0,,ikei,,,
1570,0,,in,,,
1571,0,,inahei,,,
1572,0,,inahs,,,
1573,0,,ingardja,,,
1574,0,,inilo,,,
1575,0,,inkilþo,,,
1576,0,,inkunja*,,,
1577,0,,inmaideins,,,
1578,0,,inn,,,
1579,0,,inna,,,
1580,0,,innakunds,,,
1581,0,,innana,,,
1582,0,,innatgāhts*,,,
1583,0,,innaþro,,,
1584,0,,inniujiþa,,,
1585,0,,innuma,,,
1586,0,,insahts,,,
1587,0,,inuh,,,
1588,0,,in-uh,,,
1589,0,,in-uþ-,,,
1590,0,,inwindiþa,,,
1591,0,,inwinds,,,
1592,0,,[inwitoþs],,,
1593,0,,Ioanan,,,
1594,0,,Ioda,,,
1595,0,,Iohanna,,,
1596,0,,Iohanna,,,
1597,0,,Iohannes,,,
1598,0,,Iora,,,
1599,0,,Ioreim,,,
1600,0,,Iosef,,,
1601,0,,Iosezis,,,
1602,0,,is M,,,
1603,0,,si F,,,
1604,0,,ita N,,,
1605,0,,Isak,,,
1606,0,,Iskariotes,,,
1607,0,,Israel,,,
1608,0,,Israeleites,,,
1609,0,,itan,,,
1610,0,,fra-ïtan,,,
1611,0,,Ituraia,,,
1612,0,,iþ,,,
1613,0,,Iudaia,,,
1614,0,,Iudaialand,,,
1615,0,,Iudaius,,,
1616,0,,Judaius,,,
1617,0,,iudaiwisko,,,
1618,0,,iudaiwiskon,,,
1619,0,,Iudas,,,
1620,0,,iumjo,,,
1621,0,,iup,,,
1622,0,,iupa,,,
1623,0,,iupana,,,
1624,0,,iupaþro,,,
1625,0,,Iuse,,,
1626,0,,iusila,,,
1627,0,,iusiza,,,
1628,0,,izei,,,
1629,0,,ize,,,
1630,0,,izwar,,,
1631,0,,izwizei,,,
1632,0,,ja,,,
1633,0,,jabai,,,
1634,0,,Jaeirus,,,
1635,0,,jah,,,
1636,0,,jai,,,
1637,0,,jainar,,,
1638,0,,jaind,,,
1639,0,,jaindre,,,
1640,0,,jaindwairþs,,,
1641,0,,jains,,,
1642,0,,jainþro,,,
1643,0,,Jairupulai,,,
1644,0,,Janna,,,
1645,0,,Jannes,,,
1646,0,,jaþþe,,,
1647,0,,jau,,,
1648,0,,Jaurdanau,,,
1649,0,,jer,,,
1650,0,,jiuka,,,
1651,0,,jiukan,,,
1652,0,,ga-jiukan,,,
1653,0,,Jiuleis,,,
1654,0,,jota,,,
1655,0,,ju,,,
1656,0,,judaiwisks,,,
1657,0,,Judaius,,,
1658,0,,Judas,,,
1659,0,,juggs,,,
1660,0,,juk,,,
1661,0,,jukuzi*,,,
1662,0,,junda,,,
1663,0,,jūs,,,
1664,0,,Justus,,,
1665,0,,juþan,,,
1666,0,,jūzei,,,
1667,0,,Kaballarja,,,
1668,0,,Kaeinan,,,
1669,0,,Kafarnaum,,,
1670,0,,Kaidmeiel,,,
1671,0,,Kaidron,,,
1672,0,,kaisar*,,,
1673,0,,kaisaragild,,,
1674,0,,Kaisaria,,,
1675,0,,Kajafa,,,
1676,0,,kalbo,,,
1677,0,,kalds,,,
1678,0,,kalkinassus,,,
1679,0,,kalkjom,,,
1680,0,,Kananeites*,,,
1681,0,,kann,,,
1682,0,,kannjan,,,
1683,0,,ga-kannjan,,,
1684,0,,us-kannjan,,,
1685,0,,kapillon,,,
1686,0,,kara,,,
1687,0,,[Kareiaþiareim],,,
1688,0,,karkara,,,
1689,0,,karon,,,
1690,0,,ga-karon,,,
1691,0,,Karpus,,,
1692,0,,kas,,,
1693,0,,kasja,,,
1694,0,,katile,,,
1695,0,,Kaulaussaium,,,
1696,0,,kaupatjan,,,
1697,0,,kaupon,,,
1698,0,,Kaurazein,,,
1699,0,,kaurban,,,
1700,0,,[kaurbaunan],,,
1701,0,,kaurei*,,,
1702,0,,Kaurinþius,,,
1703,0,,Kaurinþon,,,
1704,0,,kauriþa,,,
1705,0,,kaurjan,,,
1706,0,,ana-kaurjan,,,
1707,0,,miþ-kaurjan,,,
1708,0,,kaurjos,,,
1709,0,,kaurn,,,
1710,0,,kaurno,,,
1711,0,,kausjan,,,
1712,0,,ga-kausjan,,,
1713,0,,kawtsjo,,,
1714,0,,Kefas,,,
1715,0,,keinan,,,
1716,0,,us-keinan,,,
1717,0,,miþ-uskeinan,,,
1718,0,,kelikn,,,
1719,0,,Kileikia*,,,
1720,0,,kilþei,,,
1721,0,,kindins,,,
1722,0,,kinnus,,,
1723,0,,kintus,,,
1724,0,,kiusan,,,
1725,0,,ga-kiusan,,,
1726,0,,us-kiusan,,,
1727,0,,Klemaintau,,,
1728,0,,Klaimaintau,,,
1729,0,,klismjan,,,
1730,0,,klismo,,,
1731,0,,kniu*,,,
1732,0,,knodai,,,
1733,0,,knussjan,,,
1734,0,,Kosam,,,
1735,0,,Kreks,,,
1736,0,,[Kreskus],,,
1737,0,,Kretai,,,
1738,0,,Kretes,,,
1739,0,,Krispus,,,
1740,0,,kriustan,,,
1741,0,,ga-kroton,,,
1742,0,,krusts,,,
1743,0,,kubitus,,,
1744,0,,kukjan,,,
1745,0,,bi-kukjan,,,
1746,0,,ana-kumbjan,,,
1747,0,,kumei,,,
1748,0,,kunawida*,,,
1749,0,,kuni,,,
1750,0,,kunnan,,,
1751,0,,fra-kunnan,,,
1752,0,,ga-kunnan,,,
1753,0,,-kunnan,,,
1754,0,,ana-kunnan,,,
1755,0,,at-kunnan,,,
1756,0,,ga-kunnan,,,
1757,0,,uf-kunnan,,,
1758,0,,kunþi,,,
1759,0,,kunþs,,,
1760,0,,Kusa,,,
1761,0,,Kustanteinus,,,
1762,0,,kustus,,,
1763,0,,Kwreinaius,,,
1764,0,,Kwreinaius,,,
1765,0,,laggamodei,,,
1766,0,,laggei,,,
1767,0,,laggs,,,
1768,0,,lagjan,,,
1769,0,,af-lagjan,,,
1770,0,,ana-lagjan,,,
1771,0,,at-lagjan,,,
1772,0,,faur-lagjan,,,
1773,0,,ga-lagjan,,,
1774,0,,ufar-lagjan,,,
1775,0,,us-lagjan,,,
1776,0,,laian*,,,
1777,0,,lauan*,,,
1778,0,,laiba,,,
1779,0,,bi-laibjan,,,
1780,0,,bilaif,,,
1781,0,,laigaion,,,
1782,0,,bi-laigon,,,
1783,0,,laikan,,,
1784,0,,bi-laikan,,,
1785,0,,laiks,,,
1786,0,,laiktjo,,,
1787,0,,lais,,,
1788,0,,laisareis,,,
1789,0,,laiseigs,,,
1790,0,,laiseins,,,
1791,0,,laisjan,,,
1792,0,,ga-laisjan,,,
1793,0,,us-laisjan,,,
1794,0,,laistjan,,,
1795,0,,afar-laistjan,,,
1796,0,,ga-laistjan,,,
1797,0,,laists,,,
1798,0,,Laiwweis,,,
1799,0,,Laiwweiteis,,,
1800,0,,Lamaik,,,
1801,0,,lamb,,,
1802,0,,land,,,
1803,0,,lasiws,,,
1804,0,,latei,,,
1805,0,,latjan,,,
1806,0,,ana-latjan,,,
1807,0,,ga-latjan,,,
1808,0,,lats,,,
1809,0,,laþaleiko,,,
1810,0,,laþon,,,
1811,0,,at-laþon,,,
1812,0,,ga-laþon,,,
1813,0,,laþons,,,
1814,0,,lauan*,,,
1815,0,,ga-laubjan,,,
1816,0,,us-laubjan,,,
1817,0,,Laudeikaia*,,,
1818,0,,laudi,,,
1819,0,,laufs,,,
1820,0,,laugnjan,,,
1821,0,,ga-laugnjan,,,
1822,0,,lauhatjan,,,
1823,0,,lauhmuni*,,,
1824,0,,Lauidjai,,,
1825,0,,laun,,,
1826,0,,launawargs*,,,
1827,0,,laus,,,
1828,0,,lausawaurdei,,,
1829,0,,lausawaurdi,,,
1830,0,,lausawaurds,,,
1831,0,,laushandja,,,
1832,0,,lausjan,,,
1833,0,,ga-lausjan,,,
1834,0,,us-lausjan,,,
1835,0,,lausqiþrei,,,
1836,0,,lausqiþrs*,,,
1837,0,,Lazarus,,,
1838,0,,bi-leiban*,,,
1839,0,,leihts,,,
1840,0,,leiƕan,,,
1841,0,,leik,,,
1842,0,,leikains,,,
1843,0,,leikan,,,
1844,0,,ga-leikan,,,
1845,0,,faura-galeikan,,,
1846,0,,leikeins,,,
1847,0,,leikeis,,,
1848,0,,leikinassus,,,
1849,0,,leikinon,,,
1850,0,,silda-leikjan,,,
1851,0,,silda-leiknan,,,
1852,0,,gáleikon,,,
1853,0,,ga-gáleikon,,,
1854,0,,in-gáleikon,,,
1855,0,,miþ-gáleikon,,,
1856,0,,þairh-gáleikon,,,
1857,0,,lein,,,
1858,0,,leitan,,,
1859,0,,leitils,,,
1860,0,,af-leiþan,,,
1861,0,,bi-leiþan,,,
1862,0,,ga-leiþan,,,
1863,0,,inn-galeiþan,,,
1864,0,,miþ-inngaleiþan,,,
1865,0,,hindar-leiþan,,,
1866,0,,þairh-leiþan,,,
1867,0,,ufar-leiþan,,,
1868,0,,us-leiþan,,,
1869,0,,leiþu,,,
1870,0,,lekeis,,,
1871,0,,lekinassus*,,,
1872,0,,lekinon,,,
1873,0,,ga-leikinon,,,
1874,0,,letan,,,
1875,0,,af-letan,,,
1876,0,,fra-letan,,,
1877,0,,us-letan,,,
1878,0,,and-letnan,,,
1879,0,,lew,,,
1880,0,,lewjan,,,
1881,0,,fra-lewjan,,,
1882,0,,ga-lewjan,,,
1883,0,,libains,,,
1884,0,,liban,,,
1885,0,,miþ-liban,,,
1886,0,,af-lifnan,,,
1887,0,,ligan,,,
1888,0,,at-ligan,,,
1889,0,,uf-ligan,,,
1890,0,,ligrs,,,
1891,0,,lima,,,
1892,0,,af-linnan,,,
1893,0,,lisan,,,
1894,0,,ga-lisan,,,
1895,0,,listeigs,,,
1896,0,,lists,,,
1897,0,,litai,,,
1898,0,,liteins,,,
1899,0,,miþ-litjan,,,
1900,0,,liþus,,,
1901,0,,liubaleiks,,,
1902,0,,liudan,,,
1903,0,,awi-liudon,,,
1904,0,,liufs*,,,
1905,0,,liuga,,,
1906,0,,liugan,,,
1907,0,,ga-liugan,,,
1908,0,,liugan,,,
1909,0,,liugn,,,
1910,0,,liugnapraufetus*,,,
1911,0,,liugnawaurds,,,
1912,0,,liugnja,,,
1913,0,,liuhadei*,,,
1914,0,,liuhadeins,,,
1915,0,,liuhadeins*,,,
1916,0,,liuhaþ,,,
1917,0,,liuhtjan,,,
1918,0,,ga-liuhtjan,,,
1919,0,,in-liuhtjan,,,
1920,0,,fra-liusan,,,
1921,0,,liutei,,,
1922,0,,liuts,,,
1923,0,,liuþareis,,,
1924,0,,liuþon,,,
1925,0,,lofa*,,,
1926,0,,Loþ*,,,
1927,0,,lubains,,,
1928,0,,lubjaleis,,,
1929,0,,lubjaleisei,,,
1930,0,,ludja*,,,
1931,0,,luftu,,,
1932,0,,ga-lūkan,,,
1933,0,,us-lukan,,,
1934,0,,lukarn,,,
1935,0,,lukarnastaþa,,,
1936,0,,Lukas,,,
1937,0,,Lukius,,,
1938,0,,ga-luknan,,,
1939,0,,us-luknan,,,
1940,0,,lun,,,
1941,0,,fra-lusnan,,,
1942,0,,luston,,,
1943,0,,lustus,,,
1944,0,,lustusama,,,
1945,0,,luton,,,
1946,0,,us-luton,,,
1947,0,,Lwddomaeis,,,
1948,0,,Lwsanius*,,,
1949,0,,Lwstrws,,,
1950,0,,Maeinan*,,,
1951,0,,magan*,,,
1952,0,,ga-magan*,,,
1953,0,,magaþei,,,
1954,0,,magaþs*,,,
1955,0,,Magdalan,,,
1956,0,,Magdalene,,,
1957,0,,magula,,,
1958,0,,magus,,,
1959,0,,Mahaþ*,,,
1960,0,,mahteigs,,,
1961,0,,ana-mahtjan,,,
1962,0,,mahts,,,
1963,0,,mahts,,,
1964,0,,maidjan,,,
1965,0,,in-maidjan,,,
1966,0,,maihstus,,,
1967,0,,Mailaian*,,,
1968,0,,maile,,,
1969,0,,Mailkei*,,,
1970,0,,maimbrana,,,
1971,0,,gámainjan,,,
1972,0,,ga-gámainjan,,,
1973,0,,mais,,,
1974,0,,Maisaullam*,,,
1975,0,,maists,,,
1976,0,,maist,,,
1977,0,,maitan,,,
1978,0,,af-maitan,,,
1979,0,,bi-maitan,,,
1980,0,,ga-maitan,,,
1981,0,,us-maitan,,,
1982,0,,maiþms,,,
1983,0,,maiza,,,
1984,0,,Makeibis,,,
1985,0,,Makidoneis,,,
1986,0,,Makidonja,,,
1987,0,,Makmas,,,
1988,0,,malan,,,
1989,0,,[Malailaiel],,,
1990,0,,Malkus,,,
1991,0,,malma,,,
1992,0,,malo,,,
1993,0,,ga-malwjan,,,
1994,0,,Mambres,,,
1995,0,,mammo,,,
1996,0,,mammona*,,,
1997,0,,bi-mampjan,,,
1998,0,,man,,,
1999,0,,managdūþs,,,
2000,0,,managei,,,
2001,0,,managfalþs,,,
2002,0,,managjan,,,
2003,0,,managnan,,,
2004,0,,us-managnan,,,
2005,0,,manags,,,
2006,0,,manamaurþrja,,,
2007,0,,manaseþs,,,
2008,0,,manaulja,,,
2009,0,,manleika,,,
2010,0,,manna,,,
2011,0,,manna,,,
2012,0,,mannahun,,,
2013,0,,manniskodus,,,
2014,0,,mannisks,,,
2015,0,,manwiþa,,,
2016,0,,manwjan,,,
2017,0,,faura-manwjan,,,
2018,0,,ga-manwjan,,,
2019,0,,faura-gamanwjan,,,
2020,0,,manwus,,,
2021,0,,maran aþa,,,
2022,0,,marei,,,
2023,0,,Maria,,,
2024,0,,marikreitum,,,
2025,0,,marisaiws*,,,
2026,0,,Marja,,,
2027,0,,marka,,,
2028,0,,[Markaillaus],,,
2029,0,,[ga-markon],,,
2030,0,,Markus,,,
2031,0,,†marwtre,,,
2032,0,,Marþa,,,
2033,0,,marzeins,,,
2034,0,,marzjan,,,
2035,0,,af-marzjan,,,
2036,0,,ga-marzjan,,,
2037,0,,matibalgs,,,
2038,0,,matjan,,,
2039,0,,ga-matjan,,,
2040,0,,mats,,,
2041,0,,Mattaþanis,,,
2042,0,,Mattaþius*,,,
2043,0,,Matþaius*,,,
2044,0,,Matþat,,,
2045,0,,maþa,,,
2046,0,,maþl*,,,
2047,0,,maþlein,,,
2048,0,,maþljan,,,
2049,0,,Maþusalis,,,
2050,0,,maudjan,,,
2051,0,,ga-maudjan,,,
2052,0,,maurgins,,,
2053,0,,ga-maurgjan,,,
2054,0,,maurnan,,,
2055,0,,maurþr,,,
2056,0,,maurþrjan,,,
2057,0,,mawi,,,
2058,0,,mawilo,,,
2059,0,,megs,,,
2060,0,,meins,,,
2061,0,,meki,,,
2062,0,,mel,,,
2063,0,,mela,,,
2064,0,,meljan,,,
2065,0,,ana-meljan,,,
2066,0,,faura-meljan,,,
2067,0,,ga-meljan,,,
2068,0,,faura-gameljan,,,
2069,0,,uf-meljan,,,
2070,0,,ufar-meljan,,,
2071,0,,mena,,,
2072,0,,menoþs,,,
2073,0,,mereins,,,
2074,0,,Merila,,,
2075,0,,meriþa,,,
2076,0,,merjan,,,
2077,0,,merjands,,,
2078,0,,us-merjan,,,
2079,0,,wailamerjan,,,
2080,0,,wajamerjan,,,
2081,0,,us-mernan,,,
2082,0,,mes,,,
2083,0,,midgardiwaddjus,,,
2084,0,,midjasweipains,,,
2085,0,,midjis*,,,
2086,0,,midjungards,,,
2087,0,,miduma*,,,
2088,0,,midumonds,,,
2089,0,,mikildūþs,,,
2090,0,,mikilei,,,
2091,0,,mikiljan,,,
2092,0,,ga-mikiljan,,,
2093,0,,mikilnan,,,
2094,0,,mikils,,,
2095,0,,mikilþuhts,,,
2096,0,,mildiþa,,,
2097,0,,milhma,,,
2098,0,,militon,,,
2099,0,,miliþ,,,
2100,0,,miluks*,,,
2101,0,,mimz,,,
2102,0,,minnists,,,
2103,0,,minniza,,,
2104,0,,mins,,,
2105,0,,minznan,,,
2106,0,,missadeþs*,,,
2107,0,,missaleiks,,,
2108,0,,missaqiss,,,
2109,0,,missataujands,,,
2110,0,,misso,,,
2111,0,,mitadjo,,,
2112,0,,mitan,,,
2113,0,,ga-mitan,,,
2114,0,,us-mitan,,,
2115,0,,mitaþs,,,
2116,0,,miton,,,
2117,0,,ufar-miton,,,
2118,0,,mitons,,,
2119,0,,miþ,,,
2120,0,,miþgardawaddjus,,,
2121,0,,miþþan,,,
2122,0,,miþþanei,,,
2123,0,,miþwissei,,,
2124,0,,mizdo,,,
2125,0,,modags,,,
2126,0,,af-mojan*,,,
2127,0,,Moses,,,
2128,0,,mota,,,
2129,0,,ga-motan*,,,
2130,0,,motareis,,,
2131,0,,motastaþs,,,
2132,0,,ga-motjan,,,
2133,0,,wiþra-gamotjan,,,
2134,0,,moþs*,,,
2135,0,,mukamodei*,,,
2136,0,,mulda,,,
2137,0,,muldeins,,,
2138,0,,faur-mūljan,,,
2139,0,,munan,,,
2140,0,,ga-munan,,,
2141,0,,munan,,,
2142,0,,mundon,,,
2143,0,,mundrei*,,,
2144,0,,ufar-munnon,,,
2145,0,,muns,,,
2146,0,,munþs,,,
2147,0,,Nabaw*,,,
2148,0,,nadre,,,
2149,0,,[Naem],,,
2150,0,,Naggai*,,,
2151,0,,ga-nagljan,,,
2152,0,,bi-nah,,,
2153,0,,ga-nah,,,
2154,0,,Nahasson,,,
2155,0,,nahtamats,,,
2156,0,,nahts,,,
2157,0,,Naiman,,,
2158,0,,naiteins,,,
2159,0,,ga-naitjan,,,
2160,0,,Naitofaþeis,,,
2161,0,,Nakor,,,
2162,0,,namnjan,,,
2163,0,,ga-namnjan,,,
2164,0,,namo,,,
2165,0,,ana-nanþjan,,,
2166,0,,†ga-nanþjan,,,
2167,0,,naqadei,,,
2168,0,,naqaþs,,,
2169,0,,nardus,,,
2170,0,,naseins,,,
2171,0,,nasjan,,,
2172,0,,nasjands,,,
2173,0,,ga-nasjan,,,
2174,0,,nati,,,
2175,0,,natjan,,,
2176,0,,ga-natjan,,,
2177,0,,Naþan,,,
2178,0,,Naubaimbair,,,
2179,0,,naudibandi,,,
2180,0,,naudiþaurfts,,,
2181,0,,naudiþaurfts,,,
2182,0,,Nauel,,,
2183,0,,nauh,,,
2184,0,,nauhþan,,,
2185,0,,nauhþanuh,,,
2186,0,,nauhuþþan,,,
2187,0,,Naum,,,
2188,0,,naus,,,
2189,0,,nauþjan,,,
2190,0,,ana-nauþjan,,,
2191,0,,nauþs,,,
2192,0,,nawis,,,
2193,0,,ga-nawistron,,,
2194,0,,miþ-ganawistron,,,
2195,0,,Nazaraiþ,,,
2196,0,,Nazoraius,,,
2197,0,,Nazorenus*,,,
2198,0,,ne,,,
2199,0,,neƕ,,,
2200,0,,neƕis,,,
2201,0,,neƕa,,,
2202,0,,neƕjan,,,
2203,0,,at-neƕjan,,,
2204,0,,neƕundja,,,
2205,0,,nei,,,
2206,0,,neiþ,,,
2207,0,,Ne(i)kaudemus,,,
2208,0,,neiwan*,,,
2209,0,,Nerins,,,
2210,0,,neþla,,,
2211,0,,ni,,,
2212,0,,nibai,,,
2213,0,,niba,,,
2214,0,,nidwa,,,
2215,0,,nih,,,
2216,0,,Nikaudemus,,,
2217,0,,niman,,,
2218,0,,af-niman,,,
2219,0,,and-niman,,,
2220,0,,at-niman,,,
2221,0,,bi-niman,,,
2222,0,,dis-niman,,,
2223,0,,fra-niman,,,
2224,0,,ga-niman,,,
2225,0,,in-niman,,,
2226,0,,miþ-niman,,,
2227,0,,us-niman,,,
2228,0,,ga-nisan,,,
2229,0,,nist,,,
2230,0,,niþan,,,
2231,0,,niþjis,,,
2232,0,,niþjo,,,
2233,0,,niu,,,
2234,0,,niuhseins,,,
2235,0,,bi-niuhsjan,,,
2236,0,,ana-niujan,,,
2237,0,,niujasatiþs*,,,
2238,0,,niujis,,,
2239,0,,niujiþa,,,
2240,0,,niuklahei,,,
2241,0,,niuklahs,,,
2242,0,,niun,,,
2243,0,,niunda,,,
2244,0,,niuntehund,,,
2245,0,,niutan,,,
2246,0,,ga-niutan,,,
2247,0,,ga-nohjan,,,
2248,0,,ga-nohnan,,,
2249,0,,notin,,,
2250,0,,nu,,,
2251,0,,nuh,,,
2252,0,,nunu,,,
2253,0,,nuta,,,
2254,0,,Nwmfan,,,
2255,0,,o,,,
2256,0,,Obeid*,,,
2257,0,,Odueia*,,,
2258,0,,ogan*,,,
2259,0,,ogjan,,,
2260,0,,ohteigo,,,
2261,0,,Osaiin,,,
2262,0,,osanna,,,
2263,0,,paida,,,
2264,0,,ga-paidon,,,
2265,0,,paintekuste*,,,
2266,0,,Paitrus,,,
2267,0,,papan,,,
2268,0,,parakletus,,,
2269,0,,paraskaiwe,,,
2270,0,,paska,,,
2271,0,,pasxa,,,
2272,0,,Pauntius*,,,
2273,0,,paurpura,,,
2274,0,,paurpaura,,,
2275,0,,paurpuroþs,,,
2276,0,,Pawlus,,,
2277,0,,peikabagms,,,
2278,0,,Peilatus,,,
2279,0,,[pistikeins],,,
2280,0,,plapja,,,
2281,0,,plat,,,
2282,0,,plinsjan,,,
2283,0,,ana-praggan,,,
2284,0,,praitoriaun,,,
2285,0,,praizbwtairei,,,
2286,0,,praizbwtairi*,,,
2287,0,,praufeteis,,,
2288,0,,praufetes,,,
2289,0,,praufetja,,,
2290,0,,praufetjan,,,
2291,0,,Priska,,,
2292,0,,psalmon,,,
2293,0,,pugg,,,
2294,0,,pund,,,
2295,0,,qainon,,,
2296,0,,qairrei,,,
2297,0,,qairrus,,,
2298,0,,qairu,,,
2299,0,,Qartus,,,
2300,0,,qens,,,
2301,0,,qiman,,,
2302,0,,ana-qiman,,,
2303,0,,bi-qiman,,,
2304,0,,faura-qiman,,,
2305,0,,fra-qiman,,,
2306,0,,ga-qiman,,,
2307,0,,miþ-qiman,,,
2308,0,,us-qiman,,,
2309,0,,qinakunds,,,
2310,0,,qineins,,,
2311,0,,qino,,,
2312,0,,qisteins,,,
2313,0,,qistjan,,,
2314,0,,fra-qistjan,,,
2315,0,,us-qistjan,,,
2316,0,,fra-qistnan,,,
2317,0,,qiþan,,,
2318,0,,af-qiþan,,,
2319,0,,ana-qiþan,,,
2320,0,,and-qiþan,,,
2321,0,,faur-qiþan,,,
2322,0,,faura-qiþan,,,
2323,0,,fra-qiþan,,,
2324,0,,ga-qiþan,,,
2325,0,,miþ-qiþan,,,
2326,0,,us-qiþan,,,
2327,0,,qiþuhafto,,,
2328,0,,qiþus,,,
2329,0,,ana-qiujan,,,
2330,0,,ga-qiujan,,,
2331,0,,miþ-gaqiujan,,,
2332,0,,ga-qiunan,,,
2333,0,,qius*,,,
2334,0,,†qrammiþa,,,
2335,0,,qums,,,
2336,0,,rabbaunei,,,
2337,0,,rabbei,,,
2338,0,,Ragaw*,,,
2339,0,,ragin,,,
2340,0,,ragineis,,,
2341,0,,raginon,,,
2342,0,,ga-raginon,,,
2343,0,,rahnjan,,,
2344,0,,faura-rahnjan,,,
2345,0,,ga-rahnjan,,,
2346,0,,rahton,,,
2347,0,,Raibaikka,,,
2348,0,,raidjan,,,
2349,0,,ga-raidjan,,,
2350,0,,raihtis,,,
2351,0,,gáraihtjan,,,
2352,0,,at-gáraihtjan,,,
2353,0,,raihts,,,
2354,0,,raihtaba,,,
2355,0,,ur-raisjan,,,
2356,0,,raka,,,
2357,0,,uf-rakjan,,,
2358,0,,Rama,,,
2359,0,,ur-rannjan,,,
2360,0,,rasta,,,
2361,0,,ga-raþjan,,,
2362,0,,raþjo,,,
2363,0,,raþizo,,,
2364,0,,bi-raubon,,,
2365,0,,in-rauhtjan,,,
2366,0,,raupjan,,,
2367,0,,raus,,,
2368,0,,rauþs*,,,
2369,0,,razda,,,
2370,0,,razn,,,
2371,0,,ga-redan,,,
2372,0,,faura-garedan,,,
2373,0,,und-redan,,,
2374,0,,ur-redan,,,
2375,0,,reiki,,,
2376,0,,reikinon,,,
2377,0,,reikeis*,,,
2378,0,,reiks*,,,
2379,0,,reiks,,,
2380,0,,reiran,,,
2381,0,,in-reiran,,,
2382,0,,reiro,,,
2383,0,,ur-reisan,,,
2384,0,,Resa*,,,
2385,0,,rign,,,
2386,0,,rignjan,,,
2387,0,,rikan,,,
2388,0,,rimis*,,,
2389,0,,rinnan,,,
2390,0,,and-rinnan,,,
2391,0,,at-rinnan,,,
2392,0,,du-atrinnan,,,
2393,0,,bi-rinnan,,,
2394,0,,du-rinnan,,,
2395,0,,fair-rinnan,,,
2396,0,,faur-rinnan,,,
2397,0,,fra-rinnan,,,
2398,0,,ga-rinnan,,,
2399,0,,und-rinnan,,,
2400,0,,ur-rinnan,,,
2401,0,,rinno,,,
2402,0,,riqis,,,
2403,0,,riqizeins,,,
2404,0,,riqizjan,,,
2405,0,,riurei,,,
2406,0,,riurjan,,,
2407,0,,riureis*,,,
2408,0,,riurs*,,,
2409,0,,rodjan,,,
2410,0,,bi-rodjan,,,
2411,0,,miþ-rodjan,,,
2412,0,,rohsns,,,
2413,0,,Rufus,,,
2414,0,,rūmis,,,
2415,0,,Rūma*,,,
2416,0,,ur-rūmnan,,,
2417,0,,Rūmoneis*,,,
2418,0,,rūms,,,
2419,0,,rūna,,,
2420,0,,runs,,,
2421,0,,sa,,,
2422,0,,Sabaillius,,,
2423,0,,saban*,,,
2424,0,,Sabaoþ,,,
2425,0,,sabbato,,,
2426,0,,Saddukaieis,,,
2427,0,,sads,,,
2428,0,,saei,,,
2429,0,,saggqjan,,,
2430,0,,uf-saggqjan,,,
2431,0,,uf-saggqjan,,,
2432,0,,saggqa,,,
2433,0,,saggws,,,
2434,0,,sah,,,
2435,0,,saƕazuh,,,
2436,0,,sai,,,
2437,0,,saian,,,
2438,0,,in-saian,,,
2439,0,,saihs,,,
2440,0,,saihsta,,,
2441,0,,saiƕan,,,
2442,0,,and-saiƕan,,,
2443,0,,at-saiƕan,,,
2444,0,,bi-saiƕan,,,
2445,0,,ga-saiƕan,,,
2446,0,,in-saiƕan,,,
2447,0,,þairh-saiƕan,,,
2448,0,,us-saiƕan,,,
2449,0,,in-sailjan,,,
2450,0,,Sailaum,,,
2451,0,,Saimaiein,,,
2452,0,,sainjan,,,
2453,0,,sáir,,,
2454,0,,Sairok,,,
2455,0,,saiwala,,,
2456,0,,saiws,,,
2457,0,,Saixaineia,,,
2458,0,,sakan,,,
2459,0,,and-sakan,,,
2460,0,,ga-sakan,,,
2461,0,,in-sakan,,,
2462,0,,ana-insakan,,,
2463,0,,us-sakan,,,
2464,0,,sakjo,,,
2465,0,,sakkus,,,
2466,0,,sakuls,,,
2467,0,,Salamis,,,
2468,0,,Salaþiel,,,
2469,0,,salbon,,,
2470,0,,ga-salbon,,,
2471,0,,salbons,,,
2472,0,,saldra,,,
2473,0,,saliþwos,,,
2474,0,,saljan,,,
2475,0,,and-saljan,,,
2476,0,,ga-saljan,,,
2477,0,,saljan,,,
2478,0,,us-saljan,,,
2479,0,,Salmon,,,
2480,0,,Salome,,,
2481,0,,salt,,,
2482,0,,saltan,,,
2483,0,,sama,,,
2484,0,,samafraþjis*,,,
2485,0,,samakuns*,,,
2486,0,,samalauþs*,,,
2487,0,,samaleiks,,,
2488,0,,samaleiko,,,
2489,0,,samana,,,
2490,0,,samaqiss,,,
2491,0,,Samareites,,,
2492,0,,Samaria,,,
2493,0,,samasaiwals*,,,
2494,0,,samaþ,,,
2495,0,,samjan,,,
2496,0,,sandjan,,,
2497,0,,ga-sandjan,,,
2498,0,,faura-gasandjan,,,
2499,0,,in-sandjan,,,
2500,0,,miþ-insandjan,,,
2501,0,,ga-miþsandjan,,,
2502,0,,us-sandjan,,,
2503,0,,Saraipta,,,
2504,0,,Sarra,,,
2505,0,,sarwa,,,
2506,0,,Satana,,,
2507,0,,satjan,,,
2508,0,,af-satjan,,,
2509,0,,at-satjan,,,
2510,0,,bi-satjan,,,
2511,0,,ga-satjan,,,
2512,0,,faura-gasatjan,,,
2513,0,,miþ-satjan,,,
2514,0,,us-satjan,,,
2515,0,,saþs*,,,
2516,0,,Saudauma,,,
2517,0,,sauhts*,,,
2518,0,,sauïl,,,
2519,0,,Saulaumon,,,
2520,0,,bi-sauljan,,,
2521,0,,bi-saulnan,,,
2522,0,,sauls,,,
2523,0,,Saur,,,
2524,0,,Saurais,,,
2525,0,,saurga,,,
2526,0,,saurgan,,,
2527,0,,Saurini,,,
2528,0,,sauþa,,,
2529,0,,sauþs,,,
2530,0,,sei,,,
2531,0,,Seidona*,,,
2532,0,,Seidoneis*,,,
2533,0,,Seimon,,,
2534,0,,Seina,,,
2535,0,,sik,,,
2536,0,,seinaigairnai,,,
2537,0,,*seins,,,
2538,0,,seiteins,,,
2539,0,,seiþus,,,
2540,0,,selei,,,
2541,0,,sels,,,
2542,0,,Sem,,,
2543,0,,Seþ*,,,
2544,0,,sibakþanei,,,
2545,0,,sibja,,,
2546,0,,ga-sibjon,,,
2547,0,,sibun,,,
2548,0,,sibuntehund,,,
2549,0,,sidon,,,
2550,0,,sidus,,,
2551,0,,sifan,,,
2552,0,,siggwan,,,
2553,0,,us-siggwan,,,
2554,0,,sigis,,,
2555,0,,sigislaun,,,
2556,0,,sigljan,,,
2557,0,,faur-sigljan,,,
2558,0,,ga-sigljan,,,
2559,0,,sigljo,,,
2560,0,,sigqan,,,
2561,0,,dis-sig(g)qan,,,
2562,0,,ga-siggqan,,,
2563,0,,†sihw,,,
2564,0,,sikls*,,,
2565,0,,ana-silan,,,
2566,0,,silba,,,
2567,0,,Silbanus,,,
2568,0,,silbasiuneis*,,,
2569,0,,silbawiljis*,,,
2570,0,,sildaleik,,,
2571,0,,sildaleikjan,,,
2572,0,,sildaleiknan,,,
2573,0,,sildaleiks,,,
2574,0,,Siloam,,,
2575,0,,silubr,,,
2576,0,,silubreins,,,
2577,0,,simle,,,
2578,0,,sinapis,,,
2579,0,,sineigs,,,
2580,0,,sinista,,,
2581,0,,sinteins,,,
2582,0,,sinteino,,,
2583,0,,sinþs*,,,
2584,0,,Sion,,,
2585,0,,siponeis,,,
2586,0,,siponjan,,,
2587,0,,sitan,,,
2588,0,,and-sitan,,,
2589,0,,bi-sitan,,,
2590,0,,bisitands,,,
2591,0,,dis-sitan,,,
2592,0,,ga-sitan,,,
2593,0,,us-sitan,,,
2594,0,,sitls,,,
2595,0,,siujan,,,
2596,0,,siukan,,,
2597,0,,siukei,,,
2598,0,,siuks,,,
2599,0,,siuns,,,
2600,0,,skaban,,,
2601,0,,bi-skaban,,,
2602,0,,skadus,,,
2603,0,,ufar-skadwjan,,,
2604,0,,skaftjan,,,
2605,0,,skaidan,,,
2606,0,,af-skaidan,,,
2607,0,,dis-skaidan,,,
2608,0,,ga-skaidan,,,
2609,0,,ga-skaidnan,,,
2610,0,,skal,,,
2611,0,,skalja*,,,
2612,0,,skalkinassus,,,
2613,0,,skalkinon,,,
2614,0,,miþ-skalkinon,,,
2615,0,,skalks,,,
2616,0,,skaman,,,
2617,0,,ga-skaman,,,
2618,0,,skanda,,,
2619,0,,ga-skapjan,,,
2620,0,,Skariotau,,,
2621,0,,us-skarjan,,,
2622,0,,skattja,,,
2623,0,,skatts,,,
2624,0,,†skaþaila,,,
2625,0,,skaþis,,,
2626,0,,skaþjan,,,
2627,0,,ga-skaþjan,,,
2628,0,,skaþuls,,,
2629,0,,skaudaraip,,,
2630,0,,skauns*,,,
2631,0,,skauneis*,,,
2632,0,,skaurpjo,,,
2633,0,,skauta,,,
2634,0,,[us-skaujan],,,
2635,0,,skeimam,,,
2636,0,,skeinan,,,
2637,0,,bi-skeinan,,,
2638,0,,skeireins,,,
2639,0,,ga-skeirjan,,,
2640,0,,skeirs,,,
2641,0,,skewjan,,,
2642,0,,skildus*,,,
2643,0,,skilja*,,,
2644,0,,skilliggs,,,
2645,0,,skip,,,
2646,0,,af-skiuban,,,
2647,0,,skohs,,,
2648,0,,skohsl,,,
2649,0,,dis-skreitan,,,
2650,0,,dis-skritnan,,,
2651,0,,skufta,,,
2652,0,,skuggwa,,,
2653,0,,skula,,,
2654,0,,skulan,,,
2655,0,,skūra,,,
2656,0,,Skwþus,,,
2657,0,,slahals,,,
2658,0,,slahan,,,
2659,0,,af-slahan,,,
2660,0,,slahs,,,
2661,0,,slaihts,,,
2662,0,,slauhts,,,
2663,0,,af-slaupjan,,,
2664,0,,af-slauþjan,,,
2665,0,,af-slauþnan,,,
2666,0,,slawan,,,
2667,0,,ana-slawan,,,
2668,0,,ga-slawan,,,
2669,0,,sleiþa,,,
2670,0,,sleiþei,,,
2671,0,,ga-sleiþjan,,,
2672,0,,sleiþs*,,,
2673,0,,sleideis*,,,
2674,0,,slepan,,,
2675,0,,ana-slepan,,,
2676,0,,ga-slepan,,,
2677,0,,sleps*,,,
2678,0,,fra-slindan,,,
2679,0,,sliupan,,,
2680,0,,uf-sliupan,,,
2681,0,,smairþr*,,,
2682,0,,smakka,,,
2683,0,,smakkabagms,,,
2684,0,,smalista,,,
2685,0,,smarna,,,
2686,0,,bi-smeitan,,,
2687,0,,ga-smeitan,,,
2688,0,,ga-smiþon,,,
2689,0,,smwrn*,,,
2690,0,,snaga,,,
2691,0,,snaiws,,,
2692,0,,at-snarpjan,,,
2693,0,,sneiþan,,,
2694,0,,†af-sneiþan,,,
2695,0,,uf-sneiþan,,,
2696,0,,sniumjan,,,
2697,0,,ga-sniumjan,,,
2698,0,,sniumundo,,,
2699,0,,sniumundos,,,
2700,0,,sniwan,,,
2701,0,,du-atsniwan,,,
2702,0,,bi-sniwan,,,
2703,0,,faur-bisniwan,,,
2704,0,,faur-sniwan,,,
2705,0,,ga-sniwan,,,
2706,0,,snorjo,,,
2707,0,,snutrei,,,
2708,0,,snutrs*,,,
2709,0,,so,,,
2710,0,,sokareis,,,
2711,0,,sokeins,,,
2712,0,,sokjan,,,
2713,0,,ga-sokjan,,,
2714,0,,miþ-sokjan,,,
2715,0,,us-sokjan,,,
2716,0,,sokns,,,
2717,0,,Soseipatrus,,,
2718,0,,soþa,,,
2719,0,,ga-soþjan,,,
2720,0,,spaikulatur,,,
2721,0,,spaiskuldra,,,
2722,0,,sparwa,,,
2723,0,,spaurds,,,
2724,0,,speiwan,,,
2725,0,,and-speiwan,,,
2726,0,,bi-speiwan,,,
2727,0,,ga-speiwan,,,
2728,0,,spediza*,,,
2729,0,,spedists,,,
2730,0,,spedumists,,,
2731,0,,spilda,,,
2732,0,,spill,,,
2733,0,,spilla,,,
2734,0,,spillon,,,
2735,0,,ga-spillon,,,
2736,0,,þiuþ-spillon,,,
2737,0,,us-spillon,,,
2738,0,,waila-spillon,,,
2739,0,,spinnan,,,
2740,0,,sprauto,,,
2741,0,,spwreidans,,,
2742,0,,stabeis,,,
2743,0,,†us-stagg,,,
2744,0,,ga-stagqjan,,,
2745,0,,Staifanus,,,
2746,0,,staiga,,,
2747,0,,stainahs,,,
2748,0,,staineins,,,
2749,0,,stainjan,,,
2750,0,,stains,,,
2751,0,,stairno,,,
2752,0,,stairo,,,
2753,0,,staks,,,
2754,0,,and-staldan,,,
2755,0,,ga-staldan,,,
2756,0,,stamms,,,
2757,0,,standan,,,
2758,0,,af-standan,,,
2759,0,,and-standan,,,
2760,0,,at-standan,,,
2761,0,,bi-standan,,,
2762,0,,faura-standan,,,
2763,0,,ga-standan,,,
2764,0,,in-standan,,,
2765,0,,miþ-standan,,,
2766,0,,twis-standan,,,
2767,0,,us-standan,,,
2768,0,,staþa,,,
2769,0,,staþs,,,
2770,0,,staua,,,
2771,0,,staua,,,
2772,0,,stauastols,,,
2773,0,,ga-staurknan,,,
2774,0,,and-staurran,,,
2775,0,,stautan,,,
2776,0,,steigan,,,
2777,0,,at-steigan,,,
2778,0,,ga-steigan,,,
2779,0,,ufar-steigan,,,
2780,0,,us-steigan,,,
2781,0,,stibna,,,
2782,0,,[usstigg],,,
2783,0,,stigqan,,,
2784,0,,bi-stigqan,,,
2785,0,,ga-stiggqan,,,
2786,0,,stikls,,,
2787,0,,stiks*,,,
2788,0,,stilan,,,
2789,0,,stiur,,,
2790,0,,stiurjan,,,
2791,0,,stiwiti*,,,
2792,0,,ana-stodjan,,,
2793,0,,du-stodjan,,,
2794,0,,stojan,,,
2795,0,,ga-stojan,,,
2796,0,,stols,,,
2797,0,,stomin,,,
2798,0,,[ga-stoþan],,,
2799,0,,straujan,,,
2800,0,,ga-straujan,,,
2801,0,,uf-straujan,,,
2802,0,,striks,,,
2803,0,,stubjus,,,
2804,0,,sulja*,,,
2805,0,,ga-suljan,,,
2806,0,,suman,,,
2807,0,,sums,,,
2808,0,,sundro,,,
2809,0,,sunja,,,
2810,0,,Sunjaifriþas,,,
2811,0,,sunjeins,,,
2812,0,,sunjis*,,,
2813,0,,sunjon,,,
2814,0,,ga-sunjon,,,
2815,0,,sunjons,,,
2816,0,,sunno,,,
2817,0,,suns,,,
2818,0,,sunsaiw,,,
2819,0,,sunsei,,,
2820,0,,sunus,,,
2821,0,,supon,,,
2822,0,,ga-supon,,,
2823,0,,†suqnis,,,
2824,0,,Susanna,,,
2825,0,,sutis,,,
2826,0,,suþjan,,,
2827,0,,suþjon,,,
2828,0,,swa,,,
2829,0,,swaei,,,
2830,0,,af-swaggwjan,,,
2831,0,,swah,,,
2832,0,,swaihra,,,
2833,0,,swaihro,,,
2834,0,,af-swairban,,,
2835,0,,bi-swairban,,,
2836,0,,swalauþs,,,
2837,0,,swaleiks,,,
2838,0,,swamm,,,
2839,0,,swaran,,,
2840,0,,bi-swaran,,,
2841,0,,ufar-swaran,,,
2842,0,,sware,,,
2843,0,,swartiza,,,
2844,0,,swartizla,,,
2845,0,,swarts,,,
2846,0,,swaswe,,,
2847,0,,swaþþan,,,
2848,0,,swau,,,
2849,0,,swe,,,
2850,0,,swegniþa,,,
2851,0,,swegnjan,,,
2852,0,,sweiban,,,
2853,0,,swein,,,
2854,0,,sweran,,,
2855,0,,ga-sweran,,,
2856,0,,un-sweran,,,
2857,0,,sweriþa,,,
2858,0,,swers,,,
2859,0,,swes,,,
2860,0,,swes,,,
2861,0,,sweþauh,,,
2862,0,,swibla,,,
2863,0,,swiglja*,,,
2864,0,,swiglon,,,
2865,0,,swigniþa,,,
2866,0,,swignjan,,,
2867,0,,swiknei,,,
2868,0,,swikneins*,,,
2869,0,,swikniþa,,,
2870,0,,swikns,,,
2871,0,,ga-swikunþjan,,,
2872,0,,swikunþs,,,
2873,0,,swiltan,,,
2874,0,,ga-swiltan,,,
2875,0,,miþ-gaswiltan,,,
2876,0,,swinþei,,,
2877,0,,ga-swinþjan,,,
2878,0,,in-swinþjan,,,
2879,0,,swinþnan,,,
2880,0,,ga-swinþnan,,,
2881,0,,swinþs,,,
2882,0,,swistar,,,
2883,0,,Swmaion,,,
2884,0,,swnagogafaþs*,,,
2885,0,,swnagoge*,,,
2886,0,,Swntwke*,,,
2887,0,,swogatjan,,,
2888,0,,ga-swogjan,,,
2889,0,,uf-swogjan,,,
2890,0,,Swria*,,,
2891,0,,swultawairþja,,,
2892,0,,swumfsl,,,
2893,0,,tagl,,,
2894,0,,tagr,,,
2895,0,,tagrjan,,,
2896,0,,tahjan,,,
2897,0,,dis-tahjan,,,
2898,0,,taihswa,,,
2899,0,,taihswa,,,
2900,0,,taihun,,,
2901,0,,taihunda,,,
2902,0,,taihuntaihundfalþs,,,
2903,0,,taihuntehund,,,
2904,0,,taihunteweis*,,,
2905,0,,taikn,,,
2906,0,,taiknjan,,,
2907,0,,ga-taiknjan,,,
2908,0,,us-taiknjan,,,
2909,0,,taikns,,,
2910,0,,tainjo,,,
2911,0,,tains,,,
2912,0,,dis-tairan,,,
2913,0,,ga-tairan,,,
2914,0,,Tairtius,,,
2915,0,,taitrarkes,,,
2916,0,,taleiþa,,,
2917,0,,talzeins*,,,
2918,0,,talzjan,,,
2919,0,,talzjands,,,
2920,0,,ga-talzjan,,,
2921,0,,ga-tamjan,,,
2922,0,,tandjan,,,
2923,0,,ga-tandjan,,,
2924,0,,in-tandjan,,,
2925,0,,ga-tarhjan,,,
2926,0,,tarmjan,,,
2927,0,,ga-tarnjan,,,
2928,0,,taui,,,
2929,0,,taujan,,,
2930,0,,ga-taujan,,,
2931,0,,missa-taujan,,,
2932,0,,af-taurnan,,,
2933,0,,dis-taurnan,,,
2934,0,,ga-taurnan,,,
2935,0,,Teibairius,,,
2936,0,,ga-teihan,,,
2937,0,,faura-gateihan,,,
2938,0,,teikan,,,
2939,0,,Teimaius,,,
2940,0,,Teimauþaius,,,
2941,0,,Teitus,,,
2942,0,,tekan,,,
2943,0,,at-tekan,,,
2944,0,,tewa*,,,
2945,0,,ga-tewjan,,,
2946,0,,Tibairiadau,,,
2947,0,,Tibairiadeis,,,
2948,0,,tigjus*,,,
2949,0,,and-tilon,,,
2950,0,,ga-tilon,,,
2951,0,,ga-gátilon,,,
2952,0,,til,,,
2953,0,,ga-timan,,,
2954,0,,timbrjan,,,
2955,0,,timreins,,,
2956,0,,timrja,,,
2957,0,,timrjan,,,
2958,0,,ana-timrjan,,,
2959,0,,ga-timrjan,,,
2960,0,,miþ-gatimrjan,,,
2961,0,,tiuhan,,,
2962,0,,af-tiuhan,,,
2963,0,,at-tiuhan,,,
2964,0,,inn-attiuhan,,,
2965,0,,bi-tiuhan,,,
2966,0,,ga-tiuhan,,,
2967,0,,miþ-gatiuhan,,,
2968,0,,us-tiuhan,,,
2969,0,,Tobeias,,,
2970,0,,Trakauneitidaus,,,
2971,0,,trauains,,,
2972,0,,trauan,,,
2973,0,,ga-trauan,,,
2974,0,,Trauadai,,,
2975,0,,trausti,,,
2976,0,,triggwa,,,
2977,0,,triggws,,,
2978,0,,triggwaba,,,
2979,0,,trigo,,,
2980,0,,ana-trimpan,,,
2981,0,,triu,,,
2982,0,,triweins,,,
2983,0,,trudan,,,
2984,0,,ga-trudan,,,
2985,0,,in-trusgjan,,,
2986,0,,ufar-trusnjan,,,
2987,0,,tuggl,,,
2988,0,,tuggo,,,
2989,0,,tulgiþa,,,
2990,0,,tulgjan,,,
2991,0,,ga-tulgjan,,,
2992,0,,tulgus,,,
2993,0,,tundnan,,,
2994,0,,in-tundnan,,,
2995,0,,tunþus,,,
2996,0,,twai,,,
2997,0,,twalibwintrus,,,
2998,0,,twalif,,,
2999,0,,tweifleins,,,
3000,0,,tweifljan,,,
3001,0,,tweifl,,,
3002,0,,tweihnai,,,
3003,0,,twisstass,,,
3004,0,,Twkeikus,,,
3005,0,,Twra*,,,
3006,0,,Þaddaius,,,
3007,0,,þadei,,,
3008,0,,þagk*,,,
3009,0,,þagkjan,,,
3010,0,,and-þagkjan,,,
3011,0,,bi-þagkjan,,,
3012,0,,þahains,,,
3013,0,,þahan,,,
3014,0,,ga-þahan,,,
3015,0,,þāho,,,
3016,0,,Þaiaufeilus,,,
3017,0,,þairh,,,
3018,0,,þairko,,,
3019,0,,ga-þairsan,,,
3020,0,,Þaissaloneikai,,,
3021,0,,Þaissalauneikaie,,,
3022,0,,þan,,,
3023,0,,þanamais,,,
3024,0,,þanaseiþs,,,
3025,0,,þande,,,
3026,0,,þanei,,,
3027,0,,uf-þanjan,,,
3028,0,,þank,,,
3029,0,,þannu,,,
3030,0,,þanuh,,,
3031,0,,þar,,,
3032,0,,Þara,,,
3033,0,,þarba,,,
3034,0,,ga-þarban,,,
3035,0,,þarbs,,,
3036,0,,þarei,,,
3037,0,,þarf,,,
3038,0,,þarihs*,,,
3039,0,,þaruh,,,
3040,0,,þata,,,
3041,0,,þatain,,,
3042,0,,þatainei,,,
3043,0,,þatei,,,
3044,0,,þat-ist,,,
3045,0,,þatuh,,,
3046,0,,þaþro,,,
3047,0,,þaþroei,,,
3048,0,,þaþroh,,,
3049,0,,þau,,,
3050,0,,þauhjabai,,,
3051,0,,þaurban*,,,
3052,0,,þaurfts,,,
3053,0,,þaurfts,,,
3054,0,,þaurneins,,,
3055,0,,þaurnus,,,
3056,0,,þaurp,,,
3057,0,,þaursjan,,,
3058,0,,af-þaursjan,,,
3059,0,,ga-þaursnan,,,
3060,0,,þaurstei,,,
3061,0,,þaursus,,,
3062,0,,þe,,,
3063,0,,þeei,,,
3064,0,,þei,,,
3065,0,,þeihan,,,
3066,0,,ga-þeihan,,,
3067,0,,ufar-þeihan,,,
3068,0,,þeihs,,,
3069,0,,þeiƕo,,,
3070,0,,þeins,,,
3071,0,,þewisa,,,
3072,0,,at-þinsan,,,
3073,0,,þishun,,,
3074,0,,þisƕaduh,,,
3075,0,,þisƕah,,,
3076,0,,þisƕaruh,,,
3077,0,,þisƕazuh,,,
3078,0,,þiubi,,,
3079,0,,þiubjo,,,
3080,0,,þiuda,,,
3081,0,,þiudangardi,,,
3082,0,,þiudanon,,,
3083,0,,miþ-þiudanon,,,
3084,0,,þiudans,,,
3085,0,,þiudinassus,,,
3086,0,,þiudisko,,,
3087,0,,þiufs,,,
3088,0,,þiumagus,,,
3089,0,,þius*,,,
3090,0,,þiuþ,,,
3091,0,,þiuþeigs,,,
3092,0,,þiuþeins,,,
3093,0,,þiuqiss,,,
3094,0,,þiuþjan,,,
3095,0,,ga-þiuþjan,,,
3096,0,,un-þiuþjan,,,
3097,0,,þiwadw,,,
3098,0,,ana-þiwan,,,
3099,0,,ga-þiwan,,,
3100,0,,þiwi,,,
3101,0,,þlahsjan,,,
3102,0,,ga-þlahsnan,,,
3103,0,,ga-þláihan,,,
3104,0,,þlaqus,,,
3105,0,,þlauhs,,,
3106,0,,þliuhan,,,
3107,0,,af-þliuhan,,,
3108,0,,ga-þliuhan,,,
3109,0,,unþa-þliuhan,,,
3110,0,,Þomas,,,
3111,0,,þrafsteins,,,
3112,0,,þrafstjan,,,
3113,0,,ana-þrafstjan,,,
3114,0,,ga-þrafstjan,,,
3115,0,,þragjan,,,
3116,0,,bi-þragjan,,,
3117,0,,þramstei,,,
3118,0,,þrasabalþei*,,,
3119,0,,þreihan,,,
3120,0,,ga-þreihan,,,
3121,0,,þreihsl,,,
3122,0,,þreis*,,,
3123,0,,þridja,,,
3124,0,,þriskan,,,
3125,0,,us-þriutan,,,
3126,0,,þroþjan,,,
3127,0,,us-þroþjan,,,
3128,0,,þrūtsfill,,,
3129,0,,þrutsfills,,,
3130,0,,þu,,,
3131,0,,þuei,,,
3132,0,,þugkjan,,,
3133,0,,þuhtus,,,
3134,0,,þulains,,,
3135,0,,þulan,,,
3136,0,,ga-þulan,,,
3137,0,,us-þulan,,,
3138,0,,þūsundi,,,
3139,0,,þusundifaþs,,,
3140,0,,þuthaurn,,,
3141,0,,þuthaurnjan,,,
3142,0,,þwahan,,,
3143,0,,af-þwahan,,,
3144,0,,bi-þwahan,,,
3145,0,,us-þwahan,,,
3146,0,,þwahl,,,
3147,0,,þwairhei,,,
3148,0,,þwairhs,,,
3149,0,,þwastiþa,,,
3150,0,,ga-þwastjan,,,
3151,0,,þwmiama,,,
3152,0,,-u,,,
3153,0,,ubils,,,
3154,0,,ubiltojis,,,
3155,0,,ubilwaurdjan,,,
3156,0,,ubilwaurds,,,
3157,0,,ubizwa*,,,
3158,0,,uf,,,
3159,0,,ufaiþeis*,,,
3160,0,,ufar,,,
3161,0,,ufarassjan,,,
3162,0,,ufarassus,,,
3163,0,,ufarfullei,,,
3164,0,,ufarfulls,,,
3165,0,,ufargudja,,,
3166,0,,ufarhauseins,,,
3167,0,,ufarhiminakunds,,,
3168,0,,ufarjaina,,,
3169,0,,ufarmaudei,,,
3170,0,,ufarmeleins,,,
3171,0,,ufarmeli,,,
3172,0,,ufaro,,,
3173,0,,ufarranneins,,,
3174,0,,ufarskafts,,,
3175,0,,ufarswara*,,,
3176,0,,ufhauseins,,,
3177,0,,ufhnaiweins,,,
3178,0,,Ufitahari,,,
3179,0,,ufjo,,,
3180,0,,ufkunþi,,,
3181,0,,ufswalleins,,,
3182,0,,ufta,,,
3183,0,,ufto,,,
3184,0,,ufwaira,,,
3185,0,,ugkis,,,
3186,0,,-uh,,,
3187,0,,uhtedun,,,
3188,0,,uhteigs,,,
3189,0,,uhteigo,,,
3190,0,,uhtiugs,,,
3191,0,,uhtwo,,,
3192,0,,ulbandus,,,
3193,0,,unagands,,,
3194,0,,unagein,,,
3195,0,,unairkns,,,
3196,0,,unaiwisks,,,
3197,0,,unanasiuniba,,,
3198,0,,unandhuliþs*,,,
3199,0,,unandsakans,,,
3200,0,,unandsoks*,,,
3201,0,,unatgāhts,,,
3202,0,,unbairands,,,
3203,0,,unbarnahs,,,
3204,0,,unbaurans,,,
3205,0,,unbeistei*,,,
3206,0,,unbeistjoþs*,,,
3207,0,,unbiari*,,,
3208,0,,unbilaistiþs*,,,
3209,0,,unbimait,,,
3210,0,,unbimaitans,,,
3211,0,,unbrūks,,,
3212,0,,und,,,
3213,0,,undar,,,
3214,0,,[undaristo],,,
3215,0,,undarleija,,,
3216,0,,undaro,,,
3217,0,,undaurnimats,,,
3218,0,,undiwanei,,,
3219,0,,unfagrs,,,
3220,0,,unfairina,,,
3221,0,,unfairinodaba,,,
3222,0,,unfairlaistiþs,,,
3223,0,,unfaurs,,,
3224,0,,unfaurweis,,,
3225,0,,unfraþjands,,,
3226,0,,unfreideins,,,
3227,0,,unfrodei,,,
3228,0,,unfroþs,,,
3229,0,,ungafairinonds,,,
3230,0,,ungafairinoþs,,,
3231,0,,ungahabands,,,
3232,0,,ungahobains,,,
3233,0,,ungaƕairbs,,,
3234,0,,ungakusans,,,
3235,0,,ungalaubeins,,,
3236,0,,ungalaubjands,,,
3237,0,,ungalaufs,,,
3238,0,,ungaraihtei,,,
3239,0,,ungasaiƕans,,,
3240,0,,ungastoþs,,,
3241,0,,ungatass,,,
3242,0,,ungatewiþs*,,,
3243,0,,ungawagiþs*,,,
3244,0,,unhabands,,,
3245,0,,unhaili,,,
3246,0,,unhails,,,
3247,0,,unhanduwaurhts,,,
3248,0,,unhindarweis,,,
3249,0,,unhrainei,,,
3250,0,,unhrainiþa,,,
3251,0,,unhrains,,,
3252,0,,unhulþa,,,
3253,0,,unhulþo,,,
3254,0,,unhunslags,,,
3255,0,,unƕapnands,,,
3256,0,,unƕeila,,,
3257,0,,unkarja,,,
3258,0,,unkaureins*,,,
3259,0,,unkja,,,
3260,0,,unkunnands,,,
3261,0,,unkunþi,,,
3262,0,,unkunþs,,,
3263,0,,unledi,,,
3264,0,,unleþs*,,,
3265,0,,unliufs*,,,
3266,0,,unliugaiþs*,,,
3267,0,,unliugands,,,
3268,0,,unliuts,,,
3269,0,,unlustus,,,
3270,0,,unmahteigs,,,
3271,0,,unmahts,,,
3272,0,,unmanariggwai,,,
3273,0,,unmanwus,,,
3274,0,,unmildjai,,,
3275,0,,unnutjans,,,
3276,0,,unqeniþs*,,,
3277,0,,unqeþs*,,,
3278,0,,unriurei,,,
3279,0,,unriureis*,,,
3280,0,,unriurs*,,,
3281,0,,unrodjands,,,
3282,0,,[unsahtaba],,,
3283,0,,unsaiƕands,,,
3284,0,,unsaltans,,,
3285,0,,unsar,,,
3286,0,,unselei,,,
3287,0,,unsels,,,
3288,0,,unsibjis*,,,
3289,0,,unskaus*,,,
3290,0,,unsuti*,,,
3291,0,,unsweibands,,,
3292,0,,unswerei,,,
3293,0,,unsweriþa,,,
3294,0,,unswers,,,
3295,0,,unswikunþs*,,,
3296,0,,untals,,,
3297,0,,unte,,,
3298,0,,untilamalsks,,,
3299,0,,untriggws,,,
3300,0,,unþiuda,,,
3301,0,,unþiuþ,,,
3302,0,,unþwahans,,,
3303,0,,unufbrikands,,,
3304,0,,unuhteigo,,,
3305,0,,unuslaisiþs,,,
3306,0,,unusspilloþs*,,,
3307,0,,unwahs,,,
3308,0,,unwairþaba,,,
3309,0,,unwammei,,,
3310,0,,unwamms,,,
3311,0,,unwaurstwo,,,
3312,0,,unweis,,,
3313,0,,unweniggo,,,
3314,0,,unwerein,,,
3315,0,,[unwiss*],,,
3316,0,,unwita,,,
3317,0,,unwitands,,,
3318,0,,unwiti,,,
3319,0,,unwunands,,,
3320,0,,ur,,,
3321,0,,urrists,,,
3322,0,,urrugks,,,
3323,0,,urruns,,,
3324,0,,urruns,,,
3325,0,,us,,,
3326,0,,usbalþei,,,
3327,0,,usbeisnei,,,
3328,0,,usbeisneigs,,,
3329,0,,usbeisns,,,
3330,0,,us-bloteins,,,
3331,0,,usdaudei,,,
3332,0,,usdauþs*,,,
3333,0,,usdaudoza,,,
3334,0,,usdaudo,,,
3335,0,,usdrusts,,,
3336,0,,usfairina,,,
3337,0,,usfarþo,,,
3338,0,,usfilh,,,
3339,0,,usfilma,,,
3340,0,,usfilmei,,,
3341,0,,usfodeins,,,
3342,0,,usfulleins,,,
3343,0,,usgrudja,,,
3344,0,,ushaista,,,
3345,0,,uskunþs,,,
3346,0,,uslauseins,,,
3347,0,,usliþa,,,
3348,0,,†uslukns,,,
3349,0,,usluk*,,,
3350,0,,usluneins*,,,
3351,0,,usmet*,,,
3352,0,,usqiss,,,
3353,0,,ussateins,,,
3354,0,,ussindo,,,
3355,0,,[usskawai],,,
3356,0,,usstass,,,
3357,0,,usstiurei,,,
3358,0,,usstiuriba,,,
3359,0,,ustaikneins,,,
3360,0,,ustauhts,,,
3361,0,,usþroþeins,,,
3362,0,,usþulains,,,
3363,0,,uswahsans,,,
3364,0,,uswahsts,,,
3365,0,,uswalteins,,,
3366,0,,uswandi*,,,
3367,0,,uswaurhts,,,
3368,0,,uswaurhts,,,
3369,0,,uswaurpa,,,
3370,0,,usweihs,,,
3371,0,,uswena,,,
3372,0,,uswiss,,,
3373,0,,uswissi*,,,
3374,0,,ūt,,,
3375,0,,ūta,,,
3376,0,,ūtana,,,
3377,0,,ūtaþro,,,
3378,0,,uzeta*,,,
3379,0,,uz-u,,,
3380,0,,uz-uh,,,
3381,0,,wadi,,,
3382,0,,wadjabokos,,,
3383,0,,ga-wadjon,,,
3384,0,,waggarja,,,
3385,0,,waggs*,,,
3386,0,,wagjan,,,
3387,0,,af-wagjan,,,
3388,0,,ga-wagjan,,,
3389,0,,in-wagjan,,,
3390,0,,us-wagjan,,,
3391,0,,wahsjan,,,
3392,0,,ufar-wahsjan,,,
3393,0,,us-wahsjan*,,,
3394,0,,wahstus,,,
3395,0,,wahtwom,,,
3396,0,,wai,,,
3397,0,,waian,,,
3398,0,,bi-waibjan,,,
3399,0,,waidedja,,,
3400,0,,waihjo,,,
3401,0,,waihsta,,,
3402,0,,waihstastains,,,
3403,0,,waiht,,,
3404,0,,waihts,,,
3405,0,,wáila,,,
3406,0,,wailadeþs*,,,
3407,0,,wailamerei*,,,
3408,0,,wailamereins,,,
3409,0,,wailamereis,,,
3410,0,,wailaqiss,,,
3411,0,,wailawizns,,,
3412,0,,wainahs,,,
3413,0,,wainei,,,
3414,0,,faur-waipjan,,,
3415,0,,waips,,,
3416,0,,wair,,,
3417,0,,wairaleiko,,,
3418,0,,wairdus,,,
3419,0,,wairilom,,,
3420,0,,wairpan,,,
3421,0,,af-wairpan,,,
3422,0,,at-wairpan,,,
3423,0,,fra-wairpan,,,
3424,0,,ga-wairpan,,,
3425,0,,inn-wairpan,,,
3426,0,,us-wairpan,,,
3427,0,,wairs,,,
3428,0,,wairsiza,,,
3429,0,,wairþ,,,
3430,0,,wairþan,,,
3431,0,,fra-wairþan,,,
3432,0,,wairþida,,,
3433,0,,ga-gáwairþjan,,,
3434,0,,ga-gáwairþnan,,,
3435,0,,wairþon,,,
3436,0,,wairþs,,,
3437,0,,wait,,,
3438,0,,waitei,,,
3439,0,,wajamerei,,,
3440,0,,wajamereins,,,
3441,0,,wakan,,,
3442,0,,þairh-wakan,,,
3443,0,,us-wakjan,,,
3444,0,,ga-waknan,,,
3445,0,,waldan,,,
3446,0,,ga-waldan,,,
3447,0,,waldufni,,,
3448,0,,walisa,,,
3449,0,,waljan,,,
3450,0,,ga-waljan,,,
3451,0,,waltjan,,,
3452,0,,us-waltjan,,,
3453,0,,us-walugjan,,,
3454,0,,walus,,,
3455,0,,walwison,,,
3456,0,,af-walwjan,,,
3457,0,,at-walwjan,,,
3458,0,,faur-walwjan,,,
3459,0,,wamba,,,
3460,0,,wamme,,,
3461,0,,ana-wammjan,,,
3462,0,,wan,,,
3463,0,,wanains,,,
3464,0,,wandjan,,,
3465,0,,af-wandjan,,,
3466,0,,at-wandjan,,,
3467,0,,bi-wandjan,,,
3468,0,,ga-wandjan,,,
3469,0,,in-wandjan,,,
3470,0,,us-wandjan,,,
3471,0,,wandus,,,
3472,0,,waninassus,,,
3473,0,,wans,,,
3474,0,,wardja,,,
3475,0,,fra-wardjan,,,
3476,0,,warei,,,
3477,0,,wargiþa,,,
3478,0,,ga-wargjan,,,
3479,0,,warjan,,,
3480,0,,warmjan,,,
3481,0,,warai*,,,
3482,0,,wasjan,,,
3483,0,,and-wasjan,,,
3484,0,,ga-wasjan,,,
3485,0,,wasti*,,,
3486,0,,wato,,,
3487,0,,waurd,,,
3488,0,,waurdahs,,,
3489,0,,waurdajiuka,,,
3490,0,,and-waurdjan,,,
3491,0,,filu-waurdjan,,,
3492,0,,ubil-waurdjan,,,
3493,0,,waurkjan,,,
3494,0,,fair-waurkjan,,,
3495,0,,fra-waurkjan,,,
3496,0,,ga-waurkjan,,,
3497,0,,us-waurkjan,,,
3498,0,,waurms,,,
3499,0,,waurstw,,,
3500,0,,waurstwa,,,
3501,0,,waurstwei,,,
3502,0,,waurstweigs,,,
3503,0,,waurstwja,,,
3504,0,,waurts,,,
3505,0,,wegs,,,
3506,0,,weiha,,,
3507,0,,weihan,,,
3508,0,,and-waihan*,,,
3509,0,,weihan,,,
3510,0,,ga-weihan,,,
3511,0,,weihiþa,,,
3512,0,,weihnan,,,
3513,0,,weihs,,,
3514,0,,weihs,,,
3515,0,,wein,,,
3516,0,,weinabasi,,,
3517,0,,weinagards,,,
3518,0,,weinatains,,,
3519,0,,weinatriu,,,
3520,0,,weindrugkja,,,
3521,0,,weinnas,,,
3522,0,,weipan,,,
3523,0,,weis,,,
3524,0,,fullaweisjan,,,
3525,0,,ga-fullaweisjan,,,
3526,0,,ga-weison,,,
3527,0,,fra-weitan,,,
3528,0,,in-weitan,,,
3529,0,,fair-weitjan,,,
3530,0,,idweitjan,,,
3531,0,,weitwodei,,,
3532,0,,weitwodeins,,,
3533,0,,weitwodi,,,
3534,0,,weitwodiþa,,,
3535,0,,weitwodjan,,,
3536,0,,miþ-weitwodjan,,,
3537,0,,weitwoþs*,,,
3538,0,,wenjan,,,
3539,0,,faura-wenjan,,,
3540,0,,ga-wenjan,,,
3541,0,,wens,,,
3542,0,,wepna,,,
3543,0,,Wereka,,,
3544,0,,tuz-werjan,,,
3545,0,,un-werjan,,,
3546,0,,ga-widan,,,
3547,0,,in-widan,,,
3548,0,,widuwairna*,,,
3549,0,,widuwo,,,
3550,0,,wigadeinom,,,
3551,0,,ga-wigan,,,
3552,0,,[wigana],,,
3553,0,,wigs,,,
3554,0,,wiko,,,
3555,0,,wilja,,,
3556,0,,wiljahalþei,,,
3557,0,,wiljan,,,
3558,0,,Wiljariþ,,,
3559,0,,wilþeis,,,
3560,0,,wilwa,,,
3561,0,,wilwan,,,
3562,0,,dis-wilwan,,,
3563,0,,fra-wilwan,,,
3564,0,,bi-windan,,,
3565,0,,du-gawindan,,,
3566,0,,us-windan,,,
3567,0,,winds,,,
3568,0,,winja,,,
3569,0,,winna,,,
3570,0,,winnan,,,
3571,0,,ga-winnan,,,
3572,0,,winno,,,
3573,0,,wintrus,,,
3574,0,,winþiskauro,,,
3575,0,,dis-winþjan,,,
3576,0,,wipja,,,
3577,0,,wis,,,
3578,0,,wisan,,,
3579,0,,at-wisan,,,
3580,0,,faura-wisan,,,
3581,0,,fra-wisan,,,
3582,0,,in-wisan,,,
3583,0,,miþ-wisan,,,
3584,0,,ufar-wisan,,,
3585,0,,wisan,,,
3586,0,,bi-wisan,,,
3587,0,,wisan,,,
3588,0,,ga-wisan,,,
3589,0,,miþ-gawisan,,,
3590,0,,þairh-wisan,,,
3591,0,,wists,,,
3592,0,,wit,,,
3593,0,,witan,,,
3594,0,,miþ-witan,,,
3595,0,,witan,,,
3596,0,,witodafasteis,,,
3597,0,,witodalaisareis,,,
3598,0,,witodalaus,,,
3599,0,,witodeigo,,,
3600,0,,witoþ,,,
3601,0,,witubni,,,
3602,0,,wiþon,,,
3603,0,,wiþra,,,
3604,0,,wiþrawairþs,,,
3605,0,,wiþrus,,,
3606,0,,wizon,,,
3607,0,,wlaiton,,,
3608,0,,wlits,,,
3609,0,,wlizjan,,,
3610,0,,Wmainaius,,,
3611,0,,wokains,,,
3612,0,,wokra,,,
3613,0,,wopjan,,,
3614,0,,at-wopjan,,,
3615,0,,uf-wopjan,,,
3616,0,,woþeis*,,,
3617,0,,woþs*,,,
3618,0,,wraiqs,,,
3619,0,,wraka,,,
3620,0,,wrakja,,,
3621,0,,wrakjan,,,
3622,0,,wraks,,,
3623,0,,wratodus,,,
3624,0,,wraton,,,
3625,0,,wrekei,,,
3626,0,,[wreþus],,,
3627,0,,wrikan,,,
3628,0,,fra-wrikan,,,
3629,0,,ga-wrikan,,,
3630,0,,ga-wrisqan,,,
3631,0,,writs,,,
3632,0,,wriþus,,,
3633,0,,wrohjan,,,
3634,0,,fra-wrohjan,,,
3635,0,,wrohs,,,
3636,0,,wruggo,,,
3637,0,,wulan,,,
3638,0,,wulfs,,,
3639,0,,wulla,,,
3640,0,,wullareis,,,
3641,0,,wulþags,,,
3642,0,,wulþriza,,,
3643,0,,wulþrs,,,
3644,0,,wulþus,,,
3645,0,,wulwa,,,
3646,0,,[ga-wundon],,,
3647,0,,wunds,,,
3648,0,,wundufni,,,
3649,0,,wunns,,,
3650,0,,Xafira,,,
3651,0,,Xreskus,,,
3652,0,,Xristus,,,
3653,0,,Zaibaidaius,,,
3654,0,,Zakarias,,,
3655,0,,Zakkaius,,,
3656,0,,Zauraubabil,,,
3657,0,,Zaxxaius,,,
3658,0,,Zelotes*,,,
